"Fiscal Year",Employer,"Initial Approval","Initial Denial","Continuing Approval","Continuing Denial",NAICS,"Tax ID",State,City,ZIP
2022,,1,0,0,0,54,1050,OH,CINCINNATI,45246
2022,"1 A LIFESAFER INC",1,0,0,0,33,4685,OH,CINCINNATI,45241
2022,"1 NATUARL WAY LLC",1,0,0,0,42,6962,OH,MAUMEE,43537
2022,"2MC EMPLOYEE MANAGEMENT LLC",0,0,2,0,45,0843,OH,CINCINNATI,45244
2022,"3AMIGOSIT LLC",1,0,0,0,54,4552,OH,COLUMBUS,43235
2022,"80 ACRES URBAN AGRICULTURE  INC",1,0,0,0,11,4582,OH,HAMILTON,45011
2022,"84 51 LLC",2,0,25,0,54,2871,OH,CINCINNATI,45202
2022,"A & B FOUNDRY LLC",1,0,0,0,33,3389,OH,FRANKLIN,45005
2022,"A SQUARED BUS & CONSULTING LLC",1,0,0,0,54,4396,OH,SPRINGBORO,45066
2022,"A SQUARED BUSINESSES AND CONSULTIN",5,0,0,0,54,4396,OH,SPRINGBORO,45066
2022,"A SQUARED BUSINESSES AND CONSULTING LLC",12,0,0,0,54,4396,OH,SPRINGBORO,45066
2022,"A&B FOUNDRY LLC",1,0,0,0,33,9735,OH,FRANKLIN,45005
2022,"ABERCROMBIE & FITCH MANAGEMENT CO",0,0,1,0,44,8829,OH,"NEW ALBANY",43054
2022,"ABERCROMBIE & FITCH MANAGEMENT CO",0,0,24,0,44,8829,OH,"NEW ALBANY",43054
2022,"ABERCROMBIE & FITCH STORES INC",0,0,1,0,44,8697,OH,"NEW ALBANY",43054
2022,"ABERCROMBIE & FITCH TRADING CO",3,0,3,0,44,8694,OH,"NEW ALBANY",43054
2022,"ADAMS COUNTY REGIONAL MEDICAL CTR",4,0,0,0,62,7266,OH,SEAMAN,45679
2022,"ADB SAFEGATE AMERICAS LLC",0,0,1,0,33,0237,OH,COLUMBUS,43230
2022,"ADMISSIAN LLC",2,0,1,0,61,7105,OH,COLUMBUS,43219
2022,"ADROIT ASSOCIATES LLC",0,0,1,0,54,3006,OH,DELAWARE,43015
2022,"ADS ALLIANCE DATA SYSTEMS INC",3,0,11,0,54,3498,OH,COLUMBUS,43219
2022,"ADVANCED DRAINAGE SYSTEMS INC",0,0,4,0,32,5665,OH,HILLIARD,43026
2022,"ADVANCING ECO-AGRICULTURE LLC",0,0,0,1,32,2117,OH,MIDDLEFIELD,44062
2022,"ADVANTAGE TECHNICAL RESOURCING INC",2,0,7,1,56,6944,OH,CINCINNATI,45202
2022,"ADVANTAGE TECHNICAL SERVICES INC",1,0,0,1,56,8100,OH,CINCINNATI,45202
2022,"ADVERTISING VEHICLES INC",0,0,1,0,54,3795,OH,CINCINNATI,45242
2022,"ADVICS MANUFACTURING OHIO INC",1,0,0,0,33,9422,OH,LEBANON,45036
2022,"ADVIZEX TECHNOLOGIES LLC",0,0,1,0,54,4931,OH,INDEPENDENCE,44131
2022,"ADVON COMMERCE LLC",0,1,0,0,99,6717,OH,DUBLIN,43017
2022,"AEP ENERGY INC",0,0,5,0,22,9115,OH,COLUMBUS,43215
2022,"AEROSEAL LLC",1,0,6,0,32,0439,OH,MIAMISBURG,45342
2022,"AG INFOTEK INC",5,0,0,0,54,4238,OH,CINCINNATI,45241
2022,"AGRINOMIX LLC",1,0,1,0,33,7971,OH,OBERLIN,44074
2022,"AHN MEDICAL GROUP LLC",0,0,1,0,62,9348,OH,CANTON,44718
2022,"AIRBORNE MAINTENANCE & ENGINEERING",0,0,1,0,48,4574,OH,WILMINGTON,45177
2022,"AIRCFO LLC",0,0,1,0,54,9287,OH,AVON,44011
2022,"AKESIS GLOBAL HEALTH INC",1,0,0,0,54,9592,OH,SOLON,44139
2022,"AKRON GENERAL MEDICAL CENTER",3,0,0,0,62,4478,OH,AKRON,44307
2022,"AKRON RUBBER DEVELOPMENT LABORATOR",1,0,0,0,54,7097,OH,AKRON,44305
2022,"ALEKS CORPORATION",0,0,1,0,61,8469,OH,BLACKLICK,43004
2022,"ALFRESCO RAM INC",0,0,1,0,54,9672,OH,ELYRIA,44035
2022,"ALLIANCE FAMILY HEALTH CENTER INC",0,0,1,0,62,9614,OH,ALLIANCE,44601
2022,"ALLIANCE PHYSICIANS INC DBA KETTERING PHYSICIAN NETWORK",0,0,2,0,56,5717,OH,KETTERING,45420
2022,"ALLIANCE PHYSICIANS INC DBA KETTERING PHYSICIAN NETWORK",1,0,4,0,62,5717,OH,KETTERING,45420
2022,"ALLIANCE PHYSICIANS INC DBA KETTERING PHYSICIAN NETWORK",0,0,1,0,62,5717,OH,MIAMISBURG,45342
2022,"ALLIED MINERAL PRODUCTS LLC",0,0,1,0,32,3264,OH,COLUMBUS,43221
2022,"ALLLIANCE PHYSICIANS INC DBA KETTE",0,0,1,0,62,5717,OH,KETTERING,45420
2022,"ALTERNATE SOLUTIONS HEALTH NETWORK LLC",0,0,1,0,62,3545,OH,DAYTON,45420
2022,"AMERICAN BUSINESS SOLUTIONS INC",3,0,4,1,54,4561,OH,"LEWIS CENTER",43035
2022,"AMERICAN ELECTRIC POWER",2,0,16,0,22,2641,OH,COLUMBUS,43215
2022,"AMERICAN GREETINGS CORPORATION",0,0,5,0,51,5325,OH,WESTLAKE,44145
2022,"AMERICAN HEAVY PLATE SOLUTIONS LLC",1,0,0,0,33,9668,OH,CLARINGTON,43915
2022,"AMERICAN HONDA MOTOR CO INC",0,0,1,0,99,1006,OH,MARYSVILLE,43040
2022,"AMERICAN HONDA MOTOR CO INC",1,0,7,0,42,1006,OH,MARYSVILLE,43040
2022,"AMERICAN SIGNATURE INC",0,0,1,0,44,6162,OH,COLUMBUS,43219
2022,"AMERICHEM INC",0,0,1,0,32,7105,OH,"CUYAHOGA FALLS",44221
2022,"AML RIGHTSOURCE LLC",0,0,3,0,54,6855,OH,CLEVELAND,44114
2022,"ANALYSIS EXPRESS LLC",0,0,1,0,54,3871,OH,"WEST CHESTER",45069
2022,"ANDREWS OSBORNE ACADEMY",1,1,1,0,61,4625,OH,WILLOUGHBY,44094
2022,"AP HOTELS LLC D/B/A RED ROOF INN",0,1,0,0,72,0986,OH,REYNOLDSBURG,43068
2022,"APERA INSTRUMENTS LLC",0,0,1,0,42,0680,OH,COLUMBUS,43229
2022,"APERA INSTRUMENTS LLC",1,0,0,0,33,0680,OH,COLUMBUS,43229
2022,"APEX INDUSTRIAL TECHNOLOGIES LLC",0,0,0,1,54,8896,OH,MASON,45040
2022,"APEX ORDER PICK UP SERVICES LLC",0,0,1,0,54,7144,OH,MASON,45040
2022,"APEX ORDER PICK UP SERVICES LLC",0,0,1,0,33,7144,OH,MASON,45040
2022,"APPLE AMERICAN GROUP LLC",0,0,2,0,72,5263,OH,INDEPENDENCE,44131
2022,"APPLIED IMPULSE INC",1,0,0,0,33,3707,OH,COLUMBUS,43221
2022,"APPLIED INDUSTRIAL TECHNOLOGIES INC",1,0,4,0,42,7420,OH,CLEVELAND,44115
2022,"ARCH CITY DENTAL ASSOCIATES SANDHU LLC DBA ARCH CITY DENTAL",1,0,0,0,62,5775,OH,WESTERVILLE,43081
2022,"ARCHENTS INC",7,0,8,0,54,9575,OH,DUBLIN,43017
2022,"ARCOS LLC",0,0,1,0,54,7596,OH,COLUMBUS,43235
2022,"ARDENT TECHNOLOGIES INC",1,0,0,1,54,2371,OH,DAYTON,45459
2022,"ARHAUS LLC",0,0,2,0,44,5757,OH,HUDSON,44236
2022,"ARKU INC",0,0,1,0,42,4418,OH,CINCINNATI,45249
2022,"ASCENDUM SOLUTIONS LLC",1,0,12,0,54,2951,OH,CINCINNATI,45242
2022,"ASCENDUM SOLUTIONS LLC",1,0,0,0,54,2951,OH,CINCINNATI,45202
2022,"ASCENDUM SOLUTIONS LLC",5,0,1,0,54,2951,OH,"BLUE ASH",45242
2022,"ASCENSION CONSTRUCTION SOLUTIONS LLC",1,0,0,0,54,5877,OH,COLUMBUS,43219
2022,"ASCENTIUM CORPORATION D B A SMITH",0,0,1,0,54,5883,OH,MIAMISBURG,45342
2022,"ASCYNDENT LLC",2,0,3,0,54,6794,OH,DUBLIN,43017
2022,"ASGARD DATA CENTERS LLC",0,0,1,0,51,4141,OH,AKRON,44306
2022,"ASHLAND UNIVERSITY",0,0,1,0,61,4626,OH,ASHLAND,44805
2022,"ASHLAND UNIVERSITY",0,0,1,0,61,4626,OH,"ASHLAND UNIVERSITY",44805
2022,"ASIAN AMERICAN COMMUNITY SERVICES INC",0,0,1,0,62,8833,OH,COLUMBUS,43220
2022,"ASK CHEMICALS LLC",0,0,1,0,32,8779,OH,DUBLIN,43017
2022,"ASR GROUP HOLDINGS LLC",0,0,1,0,54,1145,OH,DUBLIN,43017
2022,"ASSURANT TECHNOLOGY GROUP INC",2,0,0,0,54,8936,OH,DUBLIN,43017
2022,"ASSURECARE LLC",3,0,14,0,54,2345,OH,CINCINNATI,45202
2022,"ASTRONOMER INC",2,0,6,0,54,8055,OH,CINCINNATI,45202
2022,"ATRICURE INC",4,0,4,0,33,0305,OH,MASON,45040
2022,"ATRICURE INC",0,0,0,1,33,0305,OH,LOVELAND,45140
2022,"AULTCARE CORPORATION",0,0,1,0,52,8123,OH,CANTON,44710
2022,"AULTMAN HOSPITAL",0,0,3,0,62,4538,OH,CANTON,44710
2022,"AULTMAN HOSPITAL",1,0,0,0,44,4538,OH,CANTON,44710
2022,"AULTMAN NORTH CANTON MEDICAL GROUP",0,0,1,0,62,8530,OH,"NORTH CANTON",44720
2022,"AUSTIN BUILDING AND DESIGN INC DBA THE AUSTIN COMPANY",1,0,0,0,54,5428,OH,CLEVELAND,44124
2022,"AUSTIN CRITICAL CARE SPECIALIST PA",0,0,1,0,62,5001,OH,CANTON,44718
2022,"AUTOCOLLECT LLC",0,1,0,0,54,0167,OH,MASON,45040
2022,"AUTOTEC CORP D/B/A AUTOTEC SOLUTIO",0,0,1,0,54,6171,OH,TOLEDO,43611
2022,"AVANI MARBLE & GRANITE INC",0,0,1,0,32,1285,OH,COLUMBUS,43213
2022,"AVANI MARBLE GRANITE INC",0,0,1,0,32,1285,OH,COLUMBUS,43213
2022,"AVANI MARBLE GRANITE INC",1,0,0,0,32,1285,OH,WHITEHALL,43213
2022,"AVIENT CORPORATION",1,0,0,0,32,0488,OH,"AVON LAKE",44012
2022,"AVPM OH PC 5 LLC D/B/A ALEXIS ROAD ANIMAL",1,0,0,0,54,7174,OH,TOLEDO,43613
2022,"AXCESS FINANCIAL SERVICES INC",1,0,1,0,52,5652,OH,CINCINNATI,45236
2022,"AXIA CONSULTING INC",0,0,2,0,54,0292,OH,COLUMBUS,43212
2022,"AXIUM PACKAGING LLC",7,0,2,0,32,6363,OH,"NEW ALBANY",43054
2022,"B D G WRAP TITE INC",0,0,1,0,32,8559,OH,SOLON,44139
2022,"BABCOCK & WILCOX COMPANY",0,0,1,0,33,3685,OH,AKRON,44305
2022,"BAKER HOSTETLER LLP",2,0,0,0,54,2025,OH,CLEVELAND,44114
2022,"BALDWIN WALLACE UNIVERSITY",1,0,2,0,61,4629,OH,BEREA,44017
2022,"BANKING SOFT SOLUTIONS LLC",14,0,0,0,54,1802,OH,"LEWIS CENTER",43035
2022,"BANKS INTEGRATION GROUP LLC",0,0,1,0,54,4929,OH,"WEST CHESTER",45069
2022,"BARBER & HOFFMAN INC",1,0,0,0,54,5790,OH,CLEVELAND,44115
2022,"BAREFOOT LLC",1,0,0,0,54,7641,OH,CINCINNATI,45203
2022,"BARRETTE OUTDOOR LIVING INC",0,0,1,0,33,7460,OH,CLEVELAND,44130
2022,"BATH & BODY WORKS BRAND MANAGEMENT INC",1,0,0,0,44,0868,OH,COLUMBUS,43230
2022,"BATH & BODY WORKS DIRECT INC",0,0,1,0,44,8392,OH,REYNOLDSBURG,43068
2022,"BATH AND BODY WORKS LOGISTICS SERVICES LLC",1,0,2,0,44,7477,OH,COLUMBUS,43230
2022,"BATH BODY WORKS LOGISTICS SERVICES LLC",1,0,0,0,44,7477,OH,COLUMBUS,43230
2022,"BATTELLE MEMORIAL INSTITUTE",0,0,5,1,54,9427,OH,COLUMBUS,43201
2022,"BDG WRAP TITE INC",1,0,1,0,32,8559,OH,SOLON,44139
2022,"BEARING DISTRIBUTORS INC",0,0,1,0,42,9320,OH,CLEVELAND,44125
2022,"BEAUTY AVENUES LLC",0,0,1,0,44,0857,OH,COLUMBUS,43230
2022,"BEAVERCREEK DENTAL CARE INC DBA BEAVERCREEK DENTAL",1,0,0,0,62,7135,OH,DAYTON,45431
2022,"BELCAN SERVICES GROUP LTD PARTNERS",0,0,1,0,54,2685,OH,CINCINNATI,45242
2022,"BELCAN SERVICES GROUP LTD PARTNERSHIP",0,0,2,0,54,2685,OH,CINCINNATI,45242
2022,"BELCAN SERVICES GROUPLTD PARTNERSHIP",0,0,2,0,54,2685,OH,CINCINNATI,45242
2022,"BELLBROOK SUGARCREEK LOCAL SCHOOLS",0,0,1,0,92,0978,OH,DAYTON,45440
2022,"BENCHMARK DIGITAL PARTNERS LLC",0,0,1,0,54,9774,OH,MASON,45040
2022,"BENDIX COMMERCIAL VEHICLE SYSTEMS",0,0,6,0,33,2367,OH,AVON,44011
2022,"BENDIX COMMERCIAL VEHICLE SYSTEMS LLC",3,0,21,0,33,2367,OH,AVON,44011
2022,"BEST LIGHTING PRODUCTS INC",0,0,1,0,33,8826,OH,PATASKALA,43062
2022,"BIG LOTS ECOMMERCE LLC",0,0,1,0,45,9612,OH,WESTERVILLE,43081
2022,"BIG LOTS MANAGEMENT LLC",0,0,7,0,45,7948,OH,WESTERVILLE,43081
2022,"BIG LOTS MANAGEMENT LLC",1,0,2,0,45,7948,OH,COLUMBUS,43081
2022,"BIG LOTS STORES INC",1,0,0,0,99,6811,OH,COLUMBUS,43081
2022,"BIG LOTS STORES INC",0,0,1,0,99,6811,OH,WESTERVILLE,43081
2022,"BIOWISH TECHNOLOGIES, INC.",1,0,1,0,32,9097,OH,CINCINNATI,45208
2022,"BLEACHTECH LLC",0,0,1,0,32,7950,OH,SEVILLE,44273
2022,"BLUE LABEL PACKAGING COMPANY",1,0,0,0,56,3794,OH,LANCASTER,43130
2022,"BLUEWAYZ CORPORATION",1,0,0,0,42,6525,OH,CLEVELAND,44113
2022,"BLUFFTON UNIVERSITY",0,0,1,0,61,8207,OH,BLUFFTON,45817
2022,"BMW FINANCIAL SERVICES NA LLC",0,0,5,0,52,8977,OH,HILLIARD,43026
2022,"BOLD PENGUIN INC",0,0,1,0,51,4148,OH,COLUMBUS,43215
2022,"BOLD PENGUIN INC",0,0,1,0,54,4148,OH,COLUMBUS,43215
2022,"BON SECOURS MERCY HEALTH INC",3,0,10,0,62,1088,OH,CINCINNATI,45237
2022,"BOWLING GREEN STATE UNIVERSITY",4,0,7,0,61,2018,OH,"BOWLING GREEN",43403
2022,"BOXOUT LLC",0,0,1,0,42,9854,OH,HUDSON,44236
2022,"BOYD WATTERSON ASSET MANAGEMENT",0,0,1,0,53,2005,OH,CLEVELAND,44114
2022,"BRAKE PARTS INC LLC",1,0,0,0,33,8287,OH,CLEVELAND,44114
2022,"BRANCH FINANCIAL INC",1,0,0,0,52,8587,OH,COLUMBUS,43215
2022,"BRANDMUSCLE INC",0,0,1,0,54,9781,OH,CLEVELAND,44114
2022,"BRIGHTON TECHNOLOGIES LLC",0,0,1,0,33,3128,OH,CINCINNATI,45232
2022,"BRILLIANT SMILES ODEH LLC D/B/A BRILLIANT SMILES",1,0,0,0,62,2973,OH,XENIA,45385
2022,"BRIXEY & MEYER INC",1,0,0,0,54,2514,OH,MIAMISBURG,45342
2022,"BROOKFIELD PROPERTIES MULTIFAMILY LLC",0,0,1,0,53,5519,OH,CLEVELAND,44114
2022,"BRUCK CONSTRUCTION SERVICES",1,0,0,0,23,8218,OH,COLUMBUS,43211
2022,"BUDGET DUMPSTER LLC",0,0,1,0,56,1717,OH,WESTLAKE,44145
2022,"BUTLER COUNTY COMMUNITY HEALTH CONSORTIUM INC D/B/A PRIMARY HEALTH SOLUTIONS",1,0,1,0,62,4200,OH,HAMILTON,45011
2022,"BWI NORTH AMERICA INC",1,0,1,0,33,0888,OH,KETTERING,45420
2022,"C&Y GROUP CLEVELAND INC",1,0,1,0,42,8803,OH,CLEVELAND,44108
2022,"CANTON MEDICAL EDUCATION FOUNDATION INC",5,0,0,0,62,3260,OH,CANTON,44710
2022,"CAPGEMINI AMERICA INC",1,0,0,0,54,0354,OH,MIAMISBURG,45342
2022,"CAPGEMINI AMERICA INC",0,0,1,0,54,5929,OH,DAYTON,45432
2022,"CAPGEMINI AMERICA INC",6,0,3,0,54,5929,OH,DAYTON,45342
2022,"CAPGEMINI AMERICA INC",15,0,82,0,54,5929,OH,MIAMISBURG,45342
2022,"CAPGEMINI AMERICA INC",1,0,0,0,54,5929,OH,DATYON,45342
2022,"CAPGEMINI AMERICA INC",0,0,1,0,54,5929,OH,"NEW LEBANON",45345
2022,"CAPITAL UNIVERSITY",1,0,0,0,61,9435,OH,COLUMBUS,43209
2022,"CARDINAL HEALTH INC",6,0,120,0,42,8666,OH,DUBLIN,43017
2022,"CARESOURCE MANAGEMENT SERVICES LLC",1,1,14,0,92,3371,OH,DAYTON,45402
2022,"CARET HOLDINGS INC D/B/A ROOT INC",0,0,8,0,52,9829,OH,COLUMBUS,43215
2022,"CARET HOLDINGS INC DBA ROOT INC",4,0,11,0,52,9829,OH,COLUMBUS,43215
2022,"CAROLINA PHYSICAL THERAPY ASSOCIATES LLC",0,0,1,0,62,1315,OH,LIMA,45802
2022,"CARPENTER MARTY  TRANSPORTATION INC",0,0,1,0,54,8246,OH,COLUMBUS,43229
2022,"CAS A DIVISION OF THE AMERICAN CHE",0,0,1,0,54,6572,OH,COLUMBUS,43202
2022,"CASE WESTERN RESERVE UNIVERSITY",55,0,44,4,61,8992,OH,CLEVELAND,44106
2022,"CASTO MANAGEMENT SERVICES INC",0,0,1,0,53,8128,OH,COLUMBUS,43215
2022,"CATHOLIC DIOCESE OF YOUNGSTOWN",1,0,0,0,81,4655,OH,YOUNGSTOWN,44503
2022,"CAVALIERS HOLDINGS LLC",0,0,1,0,71,4334,OH,CLEVELAND,44115
2022,"CAYOSOFT INC",1,0,0,0,54,5984,OH,WESTERVILLE,43081
2022,"CBIZ BENEFITS AND INSURANCE SERVICES INC",0,0,1,0,54,2098,OH,CLEVELAND,44131
2022,"CBTS TECHNOLOGY SOLUTIONS LLC D B",3,0,4,0,54,2018,OH,CINCINNATI,45202
2022,"CBTS TECHNOLOGY SOLUTIONS LLC D/B/A CBTS",4,0,7,1,54,2018,OH,CINCINNATI,45202
2022,"CE POWER ENGINEERED SERVICES LLC",1,0,0,0,54,3359,OH,CINCINNATI,45232
2022,"CEDAR FAIR LP",0,0,1,0,71,0655,OH,SANDUSKY,44870
2022,"CEDARVILLE UNIV",0,0,2,1,61,6647,OH,CEDARVILLE,45314
2022,"CEDARVILLE UNIVERSITY",0,0,4,1,61,6647,OH,CEDARVILLE,45314
2022,"CEM TECHNOLOGY INC",5,0,6,0,54,5258,OH,DUBLIN,43017
2022,"CENTER FOR RELIABLE ENERGY SYSTEMS",0,0,3,0,54,4830,OH,DUBLIN,43016
2022,"CENTERVILLE DENTAL CENTER OHIO LLC",1,0,0,0,62,9059,OH,DAYTON,45458
2022,"CENTRAL MUTUAL INSURANCE COMPANY",2,0,1,0,52,2560,OH,"VAN WERT",45891
2022,"CENTRAL OHIO PRIMARY CARE PHYSICIANS INC",0,0,1,0,62,8575,OH,WESTERVILLE,43082
2022,"CENTRAL STATE UNIVERSITY",3,0,2,0,61,5386,OH,WILBERFORCE,45384
2022,"CENTRIC CONSULTING LLC",1,0,3,0,54,6636,OH,DAYTON,45458
2022,"CETITEC USA INC",1,0,1,0,54,2092,OH,DUBLIN,43017
2022,"CHAKMAS INC",1,0,0,0,54,3856,OH,COLUMBUS,43085
2022,"CHAKMAS INC DBA MEDPHARMA IT SOLUTIONS",1,0,2,0,54,3856,OH,COLUMBUS,43085
2022,"CHAKMAS INC DBA MEDPHARMA IT SOLUTIONS",1,0,0,0,54,3856,OH,WORTHINGTON,43085
2022,"CHAMPLAIN ENTERPRISES LLC D/B/A COMMUTAIR",1,0,1,0,48,6237,OH,"NORTH OLMSTED",44070
2022,"CHARLES RIVER LABORATORIES ASHLAND",1,0,2,0,54,9324,OH,ASHLAND,44805
2022,"CHARLES RIVER LABORATORIES ASHLAND",0,0,1,0,99,9324,OH,ASHLAND,44805
2022,"CHARLES RIVER LABORATORIES ASHLAND LLC",2,0,4,0,54,9324,OH,ASHLAND,44805
2022,"CHEMTECH INNOVATORS LLC",1,0,0,0,54,0540,OH,AKRON,44333
2022,"CHILDREN S SURGICAL ASSOCIATES COR",0,0,2,0,62,4000,OH,COLUMBUS,43205
2022,"CHILDREN S SURGICAL ASSOCIATES CORP AT NATIONWIDE CHILDREN S HOSPITAL",0,0,3,0,62,4000,OH,COLUMBUS,43205
2022,"CHILDRENS HOSPITAL MEDICAL CTR",0,0,2,0,62,4357,OH,AKRON,44308
2022,"CINCINNATI ASIA MARKET INC",1,0,0,0,44,2848,OH,CINCINNATI,45241
2022,"CINCINNATI CHILDREN S HOSP MED CTR",0,0,1,0,62,3936,OH,CINCINNATI,45206
2022,"CINCINNATI CHILDREN S HOSP MED CTR",18,0,23,0,62,3936,OH,CINCINNATI,45229
2022,"CINCINNATI CHILDREN S HOSPITAL MEDICAL CENTER",0,0,1,0,62,3936,OH,CINCINNATI,45206
2022,"CINCINNATI CHILDREN S HOSPITAL MEDICAL CENTER",56,0,54,2,62,3936,OH,CINCINNATI,45229
2022,"CINCINNATI TEST SYSTEMS INC",1,0,0,0,33,1937,OH,HARRISON,45030
2022,"CINCINNATI UNITED SOCCER CLUB",1,0,0,0,71,1867,OH,CINCINNATI,45242
2022,"CINCOM SYSTEMS INC",0,0,1,0,54,3387,OH,CINCINNATI,45246
2022,"CINTAS CORPORATION",1,0,14,0,81,8630,OH,MASON,45040
2022,"CINTAS CORPORATION",0,0,1,0,56,8630,OH,MASON,45040
2022,"CINTER TECHNOLOGY SERVICES LLC",1,0,0,0,54,9408,OH,CINCINNATI,45230
2022,"CIRCULO INC",0,0,2,0,52,2255,OH,COLUMBUS,43215
2022,"CIRCULO INC",0,0,1,0,52,2255,OH,COLUMBUS,73215
2022,"CITY OF CLEVELAND",1,0,0,0,92,0646,OH,CLEVELAND,44113
2022,"CIVIL SOLUTIONS ASSOCIATES INC",0,0,1,0,23,5770,OH,CINCINNATI,45245
2022,"CIVILTECH ENGINEERING, INC.",1,0,0,0,54,7524,OH,DAYTON,45430
2022,"CLARK SCHAEFER CONSULTING LLC",1,0,0,0,54,0978,OH,CINCINNATI,45202
2022,"CLARKWESTERN DIETRICH BUILDING SYSTEMS, LLC",0,0,1,0,54,0387,OH,"WEST CHESTER",45069
2022,"CLARKWESTERN DIETRICH BUILDING SYSTEMS, LLC",1,0,0,0,33,0387,OH,"WEST CHESTER",45069
2022,"CLEARSULTING LLC",0,0,2,0,54,4178,OH,CLEVELAND,44115
2022,"CLEVALAND DIE & MANFACTURING CO",0,0,1,0,33,8981,OH,CLEVELAND,44130
2022,"CLEVELAND ASIA SUPERMARKET INC",1,0,0,0,44,7927,OH,"NORTH RANDALL",44128
2022,"CLEVELAND CLIFFS STEEL CORP",2,0,3,0,33,7098,OH,"WEST CHESTER",45069
2022,"CLEVELAND CLINIC",1,0,0,0,62,4586,OH,CLEVELAND,44195
2022,"CLEVELAND CLINIC",0,0,1,0,62,4585,OH,"UNIVERSITY HT",44118
2022,"CLEVELAND CLINIC",0,0,1,0,62,4858,OH,CLEVELAND,44195
2022,"CLEVELAND CLINIC",143,1,178,8,62,4585,OH,CLEVELAND,44195
2022,"CLEVELAND CLINIC FOUNDATION",1,0,0,0,62,4585,OH,CLEVELAND,44195
2022,"CLEVELAND CONSULTING, INC.",1,0,0,0,54,4042,OH,GAHANNA,43230
2022,"CLEVELAND MUSEUM OF ART",1,0,0,0,71,4336,OH,CLEVELAND,44106
2022,"CLEVELAND MUSEUM OF NATURAL HISTORY",1,0,0,0,71,4338,OH,CLEVELAND,44106
2022,"CLEVELAND PLAY HOUSE",1,0,2,0,71,5260,OH,CLEVELAND,44114
2022,"CLEVELAND RESEARCH COMPANY LLC",1,0,0,0,52,2986,OH,CLEVELAND,44114
2022,"CLEVELAND STATE UNIV",1,0,0,0,61,6056,OH,CLEVELAND,44115
2022,"CLEVELAND STATE UNIVERSITY",6,0,4,1,61,6056,OH,CLEVELAND,44115
2022,"CLEVELAND TOOL AND MACHINE LLC",0,1,0,0,33,1766,OH,CLEVELAND,44109
2022,"CLINICAL LAB CONSULTING LLC",0,0,1,0,62,6808,OH,DUBLIN,43017
2022,"CLIPPARD INSTRUMENT LABORATORY INC",0,0,1,0,33,9028,OH,CINCINNATI,45239
2022,"CLIQUE TECHNOLOGIES INC",0,0,1,0,54,2482,OH,DAYTON,45459
2022,"CLOPAY CORPORATION",0,0,1,0,32,8682,OH,MASON,45040
2022,"CLUSTER SOFTWARE INC",0,0,1,0,54,6092,OH,COLUMBUS,43235
2022,"CO AX TECHNOLOGY INC",1,0,0,0,33,6086,OH,SOLON,44139
2022,"COASTAL RIDGE MANAGEMENT LLC DBA COASTAL RIDGE REAL ESTATE",0,0,1,0,53,2254,OH,COLUMBUS,43215
2022,"COLHOC LIMITED PARTNERSHIP  DBA COLUMBUS BLUE JACKETS",1,0,0,0,71,9973,OH,COLUMBUS,43215
2022,"COLLEGE OF WOOSTER",1,0,3,0,61,4654,OH,WOOSTER,44691
2022,"COLUMBUS ASIA MARKET INC",1,0,0,0,44,5740,OH,HILLIARD,43026
2022,"COLUMBUS COLLEGE OF ART & DESIGN",1,0,0,0,61,0394,OH,COLUMBUS,43215
2022,"COLUMBUS INTERNATIONAL CORPORATION",2,0,3,0,54,4988,OH,COLUMBUS,43235
2022,"COLUMBUS LITERACY COUNCIL INC",1,0,0,0,61,3168,OH,COLUMBUS,43215
2022,"COLUMBUS NEUROSCIENCE",1,0,0,0,62,0732,OH,WESTERVILLE,43082
2022,"COLUMBUS TECHNOLOGY SOLUTIONS INC",2,0,8,1,54,4049,OH,DUBLIN,43017
2022,"COMMUNITY ACTION COMMITEE OF PIKE COUNTY DBA VALLEY VIEW HEALTH CENTERS",0,0,1,0,62,8042,OH,PIKETON,45661
2022,"COMMUNITY HEALTH SVCS",0,0,1,0,62,0194,OH,FREMONT,43420
2022,"COMMUNITY SPACE DEVELOPMENT LLC DBA COHATCH",1,0,0,0,53,1015,OH,DUBLIN,43017
2022,"COMPASS HEALTH BRANDS CORP",0,0,1,0,44,7385,OH,CLEVELAND,44130
2022,"CONCENTRIX CVG CORPORATION",0,0,2,0,54,6894,OH,CINCINNATI,45202
2022,"CONCEPT REHAB INC",1,0,0,0,62,1603,OH,TOLEDO,43617
2022,"CONTROLSOFT INC",0,0,2,1,33,9223,OH,CLEVELAND,44143
2022,"COOPER POWER SYSTEMS LLC",0,0,2,0,33,3330,OH,BEACHWOOD,44122
2022,"COOPER TIRE AND RUBBER COMPANY",1,0,1,0,32,7750,OH,FINDLAY,45840
2022,"COOPER TIRE AND RUBBER COMPANY",1,0,0,0,99,7750,OH,FINDLAY,45840
2022,"CORA HEALTH SERVICES INC",0,0,1,0,62,3567,OH,LIMA,45806
2022,"CORBUS LLC",1,0,0,0,54,8048,OH,DAYTON,45449
2022,"CORE MOLDING TECHNOLOGIEX",0,0,1,0,32,1870,OH,COLUMBUS,43228
2022,"CORE MOLDING TECHNOLOGLES INC",0,0,2,0,32,1870,OH,COLUMBUS,43228
2022,"CORNERSTONE SHARED SERVICES LLC",0,0,1,0,99,4708,OH,"WEST CHESTER",45069
2022,"CORNERSTONE SHARED SERVICES LLC",0,0,7,0,45,4708,OH,"WEST CHESTER",45069
2022,"COSMAX USA INC",0,0,1,0,32,2324,OH,SOLON,44139
2022,"COULTER VENTURES LLC DBA ROUGE FITNESS",0,0,1,0,33,9457,OH,COLUMBUS,43201
2022,"COVARIANCE BIOSCIENCES LLC DBA AGRIPLEX GENOMICS",1,0,0,0,54,9195,OH,CLEVELAND,44106
2022,"COVETRUS INC",1,0,14,0,54,8706,OH,DUBLIN,43017
2022,"COVETRUS INC",0,0,1,0,54,7906,OH,DUBLIN,43017
2022,"COVIA HOLDINGS LLC",0,0,1,0,21,6671,OH,INDEPENDENCE,44131
2022,"CRANE CARRIER COMPANY LLC",0,0,1,0,33,8168,OH,"NEW PHILADELPHIA",44663
2022,"CRANE PUMPS & SYSTEMS PFT CORP",0,0,1,0,33,1595,OH,PIQUA,45356
2022,"CROSSCOUNTRY MORTGAGE LLC",1,0,15,0,52,5755,OH,BRECKSVILLE,44141
2022,"CROWN EQUIPMENT CORPORATION",1,0,13,0,33,2691,OH,"NEW BREMEN",45869
2022,"CROWNIT SOLUTIONS LLC",0,0,1,0,54,6940,OH,DAYTON,45458
2022,"CSA AMERICA TESTING & CERTIFICATIO",0,0,1,0,54,7486,OH,INDEPENDENCE,44131
2022,"CSA AMERICA TESTING & CERTIFICATION LLC",0,0,1,1,54,7486,OH,INDEPENDENCE,44131
2022,"CTL ENGINEERING INC",1,0,0,0,54,0767,OH,COLUMBUS,43204
2022,"CURRENT LIGHTING EMPLOYEE CO LLC",1,0,0,0,33,0305,OH,CLEVELAND,44112
2022,"CYANICSOFT INC",10,0,1,0,54,8033,OH,"CHAGRIN FALLS",44023
2022,"CYANNA EDUCATION SERVICES LLC",1,0,0,0,61,6602,OH,NEWARK,43055
2022,"D E FOXX & ASSOCIATES INC",2,0,1,0,54,1516,OH,CINCINNATI,45202
2022,"D TERRA SOLUTIONS LLC",1,0,0,0,54,8693,OH,POWELL,43065
2022,"DANA AUTOMOTIVE SYSTEMS GROUP LLC",1,0,27,0,33,6699,OH,MAUMEE,43537
2022,"DANA DRIVESHAFT MANUFACTURING LLC",0,0,1,0,33,7060,OH,MAUMEE,43537
2022,"DANA HEAVY VEHICLE SYSTEMS GROUP L",1,0,23,0,33,6748,OH,MAUMEE,43537
2022,"DANA LIGHT AXLE MANUFACTURING LLC",0,0,2,0,33,7098,OH,MAUMEE,43537
2022,"DANA LIMITED",1,0,6,0,33,8190,OH,MAUMEE,43537
2022,"DASH TECHNOLOGIES INC",2,0,9,0,54,1840,OH,DUBLIN,43017
2022,"DATA MORPH SOLUTIONS LLC",0,0,1,0,54,4580,OH,MASON,45040
2022,"DATA SYSTEMS INTEGRATION GROUP INC",2,0,13,0,54,9891,OH,DUBLIN,43017
2022,"DATAECONOMY INC",8,0,8,0,54,6467,OH,DUBLIN,43017
2022,"DATALYSYS LLC",0,0,4,0,54,2353,OH,DUBLIN,43017
2022,"DAVIS COLLEGE INC",1,0,0,0,61,4799,OH,TOLEDO,43604
2022,"DAYTON CHILDREN S HOSP",0,0,1,0,62,2132,OH,DAYTON,45404
2022,"DAYTON CHILDREN S SPECIALTY PHYSICIANS INC",1,0,1,0,62,1364,OH,DAYTON,45404
2022,"DAYTON CHILDRENS S HOSPITAL",0,0,2,0,62,2132,OH,DAYTON,45404
2022,"DAYTON OSTHEOPATIC HOSPITAL D/B/A",1,0,0,0,62,4121,OH,MIAMISBURG,45342
2022,"DAYTON OSTHEOPATIC HOSPITAL DBA KETTERING HEALTH DAYTON",2,0,2,0,62,4121,OH,MIAMISBURG,45342
2022,"DAYTON PROGRESS CORPORATION",0,0,1,0,33,3428,OH,DAYTON,45449
2022,"DBAFFINITY LLC",0,0,1,0,54,7033,OH,DUBLIN,43017
2022,"DE NORA TECH LLC",0,0,1,0,54,5932,OH,PAINESVILLE,44077
2022,"DEALER TIRE LLC",0,0,1,0,42,0366,OH,CLEVELAND,44114
2022,"DEDICATED TECH SERVICES INC",0,0,0,1,99,4607,OH,DUBLIN,43017
2022,"DEDICATED TECHNOLOGIES INC",0,0,1,0,54,3904,OH,COLUMBUS,43215
2022,"DEEMSYS INC",1,0,21,0,54,6919,OH,COLUMBUS,43230
2022,"DEEMSYS INC",7,0,0,1,54,6919,OH,GAHANNA,43230
2022,"DENISON UNIVERSITY",6,0,3,1,61,9459,OH,GRANVILLE,43023
2022,"DENOVO SYSTEMS INC",2,0,0,0,54,4050,OH,WORTHINGTON,43085
2022,"DENOVO SYSTEMS INC",2,0,5,0,54,4050,OH,COLUMBUS,43085
2022,"DESIGNER BRANDS INC F/K/A DSW INC",2,0,12,0,44,6639,OH,COLUMBUS,43219
2022,"DEVCARE SOLUTIONS LIMITED",1,0,9,0,54,1086,OH,WESTERVILLE,43082
2022,"DEVCARE SOLUTIONS LIMITED",3,0,0,0,54,1086,OH,COLUMBUS,43215
2022,"DEVICOR MEDICAL PRODUCTS INC",0,0,3,0,33,2214,OH,CINCINNATI,45241
2022,"DHDC ENGINEERING CONSULTING SERVIC",1,0,0,0,54,6762,OH,COLUMBUS,43228
2022,"DIAGNOSTIC HYBRIDS INC",1,0,1,0,33,0325,OH,ATHENS,45701
2022,"DIEBOLD NIXDORF INCORPORATED",0,0,4,0,33,3970,OH,HUDSON,44236
2022,"DIEBOLD NIXDORF INCORPORATED",0,0,1,0,52,3970,OH,HUDSON,44236
2022,"DIGITAL BIZ TECH LLC",1,0,0,0,54,2303,OH,DUBLIN,43016
2022,DIGITALC,0,1,0,0,81,1053,OH,CLEVELAND,44103
2022,"DIGITEK SOFTWARE INC",0,0,11,0,54,1607,OH,"LEWIS CENTER",43035
2022,"DINGUS AND DAGA INC",1,0,0,0,54,6359,OH,BEACHWOOD,44122
2022,"DINSMORE & SHOHL LLP",1,0,1,0,54,3070,OH,CINCINNATI,45202
2022,"DIVIS SOLUTIONS INC",17,0,2,0,54,6043,OH,DUBLIN,43017
2022,"DIZER CORP",5,0,19,0,54,8475,OH,PAINESVILLE,44077
2022,"DLZ CORPORATION",0,0,3,0,54,8981,OH,COLUMBUS,43229
2022,"DMAX LTD",0,0,1,0,33,4971,OH,MORAINE,45439
2022,"DOODLECO INC DBA SUPERIOR TRIM",0,0,1,0,33,4455,OH,FINDLAY,45840
2022,"DOREL HOME FURNISHINGS INC",0,0,1,0,33,6321,OH,TIFFIN,44883
2022,"DUBOIS CHEMICALS INC",0,0,1,0,42,4824,OH,CINCINNATI,45241
2022,"DUGAN & MEYERS INDUSTRIAL LLC",1,0,0,0,23,0647,OH,CINCINNATI,45242
2022,"DUNNHUMBY INC",1,0,2,0,54,9279,OH,CINCINNATI,45209
2022,"DYNA INFOTECH INC",0,0,1,0,54,0468,OH,SOLON,44139
2022,"DYR LLC",1,0,0,0,45,9300,OH,"UPPER ARLINGTON",43220
2022,"E TECHNOLOGIES GROUP LLC",0,0,1,0,54,5827,OH,"WEST CHESTER",45069
2022,"E Z IRON SHOP LLC",1,0,0,0,23,4971,OH,DAYTON,45409
2022,"EAST OHIO HOSP LLC DBA E OHIO REGI",1,0,0,0,62,7086,OH,"MARTINS FERRY",43935
2022,"EATON CORPORATION",2,0,34,0,33,6300,OH,BEACHWOOD,44122
2022,"EATON CORPORATION",1,0,2,0,54,6300,OH,BEACHWOOD,44122
2022,"EATON CORPORATION",6,0,2,0,33,6300,OH,CLEVELAND,44122
2022,"EBUSINESS SOLUTIONS INC",0,0,1,0,54,2916,OH,COLUMBUS,43235
2022,"ECHO HEALTH INC",1,0,0,0,51,8379,OH,WESTLAKE,44145
2022,"ECHOGEN POWER SYSTEMS DE INC",0,0,1,0,54,2494,OH,AKRON,44308
2022,"ECS TUNING LLC",0,0,1,0,45,5397,OH,WADSWORTH,44281
2022,"EDI MATRIX LLC",1,0,0,0,54,0859,OH,DUBLIN,43016
2022,"EDISON WELDING INSTITUE",0,0,1,0,54,9893,OH,COLUMBUS,43221
2022,"EDUCATIONAL SOLUTIONS COMPANY",1,0,0,0,61,0993,OH,COLUMBUS,43212
2022,"EDUMIND INC",0,0,1,0,61,1427,OH,DUBLIN,43017
2022,"ELASTOSTAR RUBBER CORPORATION",1,1,0,0,32,8103,OH,COLUMBUS,43229
2022,"ELIXIR LAB USA INC DBA CARDINALITY",1,0,2,0,54,3839,OH,HAMILTON,45011
2022,"ELLIS & WATTS GLOBAL INDUSTRIES INC",1,0,0,0,33,3464,OH,BATAVIA,45103
2022,"EMERGENCY MEDICINE ASSOCIATES PA PC",0,0,1,0,62,2668,OH,CANTON,44718
2022,"EMERSON CLIMATE TECHNOLOGIES INC",0,0,2,0,33,0902,OH,SIDNEY,45365
2022,"EMERSON PROFESSIONAL TOOLS, LLC",1,0,0,0,33,5426,OH,ELYRIA,44035
2022,"EMPIRE SYSTEMS INC",1,0,0,0,33,2195,OH,"AVON LAKE",44012
2022,"EMPLIFI INC",2,0,2,0,54,3471,OH,COLUMBUS,43219
2022,"ENCOVA SERVICE CORP",0,0,6,1,52,1906,OH,COLUMBUS,43215
2022,"ENCOVA SERVICE CORPORATION",0,0,3,1,52,1906,OH,COLUMBUS,43215
2022,"ENERGY FOCUS INC",0,0,1,0,33,1850,OH,SOLON,44139
2022,"ENSEMBLE RCM LLC",0,0,2,0,54,2570,OH,CINCINNATI,45241
2022,"EQUITAS HEALTH INC",1,0,0,0,62,6780,OH,DAYTON,45402
2022,"EQUITY CONSTRUCTION SOLUTIONS",1,0,0,0,23,6257,OH,HILLIARD,43026
2022,"ERICO INTERNATIONAL CORPORATION",0,0,2,0,54,1460,OH,SOLON,44139
2022,"ERIE COUNTY OFFICE OF AUDITOR DBA ERIE COUNTY HEALTH DEPT",0,0,1,0,62,0428,OH,SANDUSKY,44870
2022,"ERIE COUNTY OFFICE OF AUDITOR DBA ERIE COUNTY HEALTH DEPT",0,0,1,0,62,0428,OH,SULLIVAN,44880
2022,"ERNST METAL TECHNOLOGIES LLC",1,0,0,0,33,6696,OH,MORAINE,45439
2022,"ERP ANALYSTS INC",61,1,110,2,54,8884,OH,DUBLIN,43017
2022,"ERP ANALYSTS INC",0,0,1,0,54,8884,OH,TOLEDO,43617
2022,"ESCHWEILER & POTASHNIK LLC",0,0,0,1,54,8830,OH,CLEVELAND,44114
2022,"ESKO GRAPHICS INC",0,0,1,0,32,3762,OH,MIAMISBURG,45342
2022,"EUCLID TECHLABS LLC",1,0,1,0,54,0161,OH,SOLON,44139
2022,"EVE ENERGY NORTH AMERICA CORP",0,0,1,0,54,8955,OH,POWELL,43065
2022,"EVE ENERGY NORTH AMERICA CORPORATION",0,0,1,0,33,8955,OH,POWELL,43065
2022,"EVE ENERGY NORTH AMERICA CORPORATION",0,0,1,0,54,8955,OH,POWELL,43065
2022,"EVEREST TECHNOLOGIES INC",9,0,10,0,54,3565,OH,COLUMBUS,43229
2022,"EVOKE TECHNOLOGIES",13,0,1,0,54,8582,OH,DAYTON,45459
2022,"EXATECH INC",0,0,3,0,54,6333,OH,CINCINNATI,45242
2022,"EXCEL SOFTECH INC",0,0,1,1,54,8602,OH,DUBLIN,43017
2022,"EXCLUSIVE SERVICES INC",3,0,1,0,81,8604,OH,CINCINNATI,45241
2022,"EXCO ENGINEERING USA INC",0,0,2,0,33,6002,OH,TOLEDO,43612
2022,"EXEL INC DBA DHL SUPPLY CHAIN USA",7,0,19,1,49,1160,OH,WESTERVILLE,43082
2022,"EXODUS INTEGRITY SERVICES INC",0,0,1,0,54,3335,OH,WILLOUGHBY,44094
2022,"EXPEED SOFTWARE LLC",1,0,1,0,54,6864,OH,COLUMBUS,43085
2022,"EXPONENTIA US INC",2,0,1,0,54,2012,OH,COLUMBUS,43230
2022,"EXPRESS LLC",2,0,26,0,44,0160,OH,COLUMBUS,43230
2022,"EZSHRED LLC",0,0,1,0,51,5802,OH,WILLOUGHBY,44094
2022,"F P AMERICA MFG INC",1,0,0,0,33,9366,OH,TROY,45373
2022,"F TECH R&D NORTH AMERICA INC",0,0,7,0,54,3127,OH,TROY,45373
2022,"FAMILY HEALTH SERVICES OF ERIE COU",2,0,0,0,62,7741,OH,SANDUSKY,44870
2022,"FAMILY HLTH SVCS OF DARKE COUNTY I",0,0,1,0,62,9524,OH,GREENVILLE,45331
2022,"FAMOUS DISTRIBUTION",1,0,0,0,42,6119,OH,AKRON,44313
2022,"FECHKO EXCAVATING LLC",0,0,1,0,23,7296,OH,MEDINA,44256
2022,"FEDERAL HOME LOAN BANK OF CINCINNA",0,0,1,0,52,0228,OH,CINCINNATI,45202
2022,"FEDERAL HOME LOAN BANK OF CINCINNATI",0,0,2,0,52,0228,OH,CINCINNATI,45202
2022,"FEDERAL RESERVE BANK OF CLEVELAND",1,0,2,0,52,5730,OH,CLEVELAND,44114
2022,"FEDEX CUSTOM CRITICAL",0,0,2,0,49,5962,OH,UNIONTOWN,44685
2022,"FIFTH THIRD BANK NATIONAL ASSOCIAT",1,0,10,0,52,6865,OH,CINCINNATI,45263
2022,"FIFTH THIRD BANK NATIONAL ASSOCIAT",0,0,1,0,52,6865,OH,CINCINNATI,45202
2022,"FIFTH THIRD BANK NATIONAL ASSOCIATION",0,0,2,0,52,6865,OH,CINCINNATI,45202
2022,"FIFTH THIRD BANK NATIONAL ASSOCIATION",10,0,22,0,52,6865,OH,CINCINNATI,45263
2022,"FINCH COMPUTING LLC",0,0,1,0,51,5040,OH,FAIRBORN,45324
2022,"FINDAWAY WORLD LLC",0,0,1,0,99,8060,OH,SOLON,44139
2022,"FIRELANDS REGIONAL MEDICAL CENTER",0,0,1,0,62,8218,OH,SANDUSKY,44870
2022,"FIRST FINANCIAL BANK",1,0,0,0,52,8605,OH,CINCINNATI,45202
2022,"FIRST SOLAR INC",6,0,3,0,33,3678,OH,PERRYSBURG,43551
2022,"FIRST STUDENT INC",1,0,0,0,48,4035,OH,CINCINNATI,45202
2022,"FIRST TRANSIT INC",2,0,0,0,48,6119,OH,CINCINNATI,45202
2022,"FIRSTGROUP AMERICA INC",0,0,1,0,48,5403,OH,CINCINNATI,45202
2022,"FIVES NORTH AMERICAN COMBUSTION INC",0,0,1,0,33,0289,OH,CLEVELAND,44105
2022,"FLAIRSOFT LTD",0,0,1,0,54,4085,OH,COLUMBUS,43235
2022,"FLUORTEK LLC",0,0,1,0,33,9830,OH,WESTLAKE,44145
2022,"FLUVITEX USA",0,1,0,0,31,9748,OH,GROVEPORT,43125
2022,"FOCUSSOFT TECH IN",0,0,1,0,54,8373,OH,DUBLIN,43017
2022,"FOCUSSOFT TECH INC",0,0,2,0,54,8373,OH,DUBLIN,43017
2022,"FORGE BIOLOGICS INC",0,0,1,0,32,5353,OH,"GROVE CITY",43123
2022,"FORMFIRE LLC",1,0,0,0,52,9399,OH,CLEVELAND,44114
2022,"FORTUNE BRANDS WATER INNOVATIONS LLC",0,0,4,0,33,4493,OH,"NORTH OLMSTED",44070
2022,"FOXCONN EV SYSTEM LLC",1,0,0,0,33,7878,OH,WARREN,44481
2022,"FRA STAFFING LLC AKA SHIP SMART LL",1,0,0,0,56,2432,OH,AKRON,44301
2022,"FRANKLIN COUNTY HISTORICAL SOCIETY DBA COSI COLUMBUS",1,0,0,0,71,3802,OH,COLUMBUS,43215
2022,"FREELAND CONTRACTING CO",0,0,1,0,23,0643,OH,COLUMBUS,43209
2022,"FTMC MEDICAL CARE LLC",0,0,1,0,62,8258,OH,NORWALK,44857
2022,"FUJIFILM HEALTHCARE AMERICAS CORP",0,0,3,0,33,1985,OH,TWINSBURG,44087
2022,"FUJIFILM HEALTHCARE AMERICAS CORPORATION",0,0,3,0,33,1985,OH,TWINSBURG,44087
2022,"FUND EVALUATION GROUP LLC",0,0,1,0,52,4771,OH,CINCINNATI,45202
2022,"FUND THAT FLIP INC",1,0,2,0,53,1467,OH,CLEVELAND,44114
2022,"FUSION TECHNOLOGIES EAST LLC",0,0,6,0,54,8302,OH,COLUMBUS,43240
2022,"FUYAO GLASS AMERICA INC",7,0,9,0,32,8174,OH,DAYTON,45439
2022,"FUYAO GLASS AMERICA INC",9,0,1,0,32,8174,OH,MORAINE,45439
2022,"G STEPHENS INC",1,0,0,0,23,2984,OH,AKRON,44304
2022,"G. STEPHENS, INC.",2,0,0,0,23,2984,OH,AKRON,44304
2022,"G2O LLC",0,0,1,0,54,4572,OH,DUBLIN,43017
2022,"G2O LLC",11,0,24,0,54,4572,OH,DUBLIN,43017
2022,"GAMAN CONSULTING INC",1,0,0,0,54,2243,OH,"LEWIS CENTER",43035
2022,"GATHI ANALYTICS LLC",13,0,8,0,54,7978,OH,DUBLIN,43017
2022,"GEBHARDT USA INC",0,1,0,0,23,9850,OH,STREETSBORO,44241
2022,"GENERAL ALUMINUM MFG COMPANY",0,0,1,0,54,1582,OH,RAVENNA,44266
2022,"GENESIS CONSULTING LLC",1,0,0,0,54,8303,OH,STOW,44224
2022,"GENESIS MEDICAL GROUP LLC",0,1,0,0,62,8410,OH,ZANESVILLE,43701
2022,"GENETESIS INC",1,0,0,0,33,2467,OH,MASON,45040
2022,"GENIUS SOLUTIONS ENGINEERING",0,0,1,0,33,7312,OH,MAUMEE,43537
2022,"GENSYS CORP",0,0,1,0,54,0549,OH,DUBLIN,43017
2022,"GENSYS CORP DBA SOFTWARE RESONANCE",1,0,1,0,54,0549,OH,DUBLIN,43017
2022,"GENTHERM MEDICAL LLC",0,0,2,0,33,9877,OH,CINCINNATI,45241
2022,"GENTLE CARING DENTISTRY OF FREMONT",0,0,1,0,62,2229,OH,FREMONT,43420
2022,"GEON PERFORMANCE SOLUTIONS LLC",0,0,1,0,32,2624,OH,WESTLAKE,44145
2022,"GIVAUDAN FLAVORS CORPORATION",0,0,1,0,54,8592,OH,CINCINNATI,45216
2022,"GLIDEPATH HOLDINGS INC",0,0,1,0,52,4635,OH,CINCINNATI,45202
2022,"GLOBAL AMBASSADORS LANGUAGE ACADEMY",1,0,0,0,61,5217,OH,CLEVELAND,44111
2022,"GLOBAL CELVELAND",1,0,0,0,92,5539,OH,CLEVELAND,44115
2022,"GLOBAL CLEVELAND",2,0,0,0,92,5539,OH,CLEVELAND,44115
2022,"GLOBAL CLOUD LTD",1,0,0,0,54,5525,OH,CINCINNATI,45202
2022,"GLOBAL GRAPHENE GROUP INC",1,0,0,0,54,0982,OH,DAYTON,45404
2022,"GOJO INDUSTRIES INC",1,0,2,0,32,9953,OH,AKRON,44309
2022,"GOKEN AMERICA LLC",11,0,19,1,54,5287,OH,DUBLIN,43017
2022,"GOLDEN RESOURCES INC",0,0,1,0,54,3894,OH,"WEST CHESTER",45069
2022,"GOOD NEIGHBOR HOUSE",1,0,0,0,62,4154,OH,DAYTON,45402
2022,"GOSPEL LIGHT MENNONITE CHURCH MEDICAL A PLAN DBA LIBERTY HEALTHSHARE INC",1,0,0,0,52,2581,OH,CANTON,44718
2022,"GOSUN INC",1,0,0,0,33,8192,OH,CINCINNATI,45223
2022,"GRANGE INSURANCE COMPANY",0,0,10,0,52,2970,OH,COLUMBUS,43206
2022,"GRAPHET INC",0,0,1,0,92,3857,OH,CINCINNATI,45255
2022,"GREAT AMERICAN INSURANCE COMPANY",2,0,23,0,52,1234,OH,CINCINNATI,45202
2022,"GREAT AMERICAN INSURANCE GROUP",0,0,10,0,52,1234,OH,CINCINNATI,45202
2022,"GREAT LAKES CHEESE CO INC",1,0,2,0,31,5620,OH,HIRAM,44234
2022,"GREEN TOKAI CO LTD",0,0,1,0,33,7519,OH,BROOKVILLE,45309
2022,"GREENACRES FOUNDATION",1,0,0,0,61,0075,OH,CINCINNATI,45242
2022,"GREIF INC",0,0,3,0,33,8903,OH,DELAWARE,43015
2022,"GREIF PACKAGING LLC",1,0,2,0,33,8123,OH,DELAWARE,43015
2022,"GRELLER & COMPANY INC",1,0,0,0,33,5334,OH,STRONGSVILLE,44149
2022,"GROUND PENETRATING RADAR SYSTEMS",0,0,1,0,54,3412,OH,TOLEDO,43623
2022,"GYANSYS INC",0,0,1,0,54,8060,OH,HARVEYSBURG,45032
2022,"H VENTURE MANAGEMENT LLC",1,0,0,0,52,1372,OH,CINCINNATI,45208
2022,"HALCYON SOLUTIONS INC",0,0,2,0,54,3200,OH,DUBLIN,43017
2022,"HAMILTON RIVERSIDE DENTISTRY LLC",2,0,0,0,62,6214,OH,HAMILTON,45011
2022,"HANGUANG INTERNATIONAL INC",0,2,0,0,61,5073,OH,COLUMBUS,43215
2022,"HANKOOK TIRE AND TECHNOLOGY CO LTD",0,0,1,0,32,9356,OH,UNIONTOWN,44685
2022,"HANNECARD ROLLER COATINGS INC",1,0,0,0,33,2513,OH,BARBERTON,44203
2022,"HARCO MANUFACTURING GROUP LLC",0,0,1,0,33,0707,OH,DAYTON,45439
2022,"HARCO MANUFACTURING GROUP LLC",0,0,1,0,44,0707,OH,DAYTON,45439
2022,"HAWKEN SCHOOL",0,0,1,0,61,4427,OH,CHESTERLAND,44026
2022,"HAWTHORNE HYDROPONICS LLC",0,0,1,0,32,4504,OH,MARYSVILLE,43041
2022,"HEALTH CAROUSEL LLC",0,0,13,2,56,1546,OH,CINCINNATI,45209
2022,"HEALTHPLAN DATA SOLUTIONS INC",2,0,0,0,51,7602,OH,COLUMBUS,43215
2022,"HEALTHSOURCE OF OH INC",0,0,1,0,62,4250,OH,LOVELAND,45140
2022,"HEALTHTECH BIOACTIVES US INC HTBA",1,0,0,0,42,9242,OH,"WEST CHESTER",45069
2022,"HEARTH PRODUCTS CONTROLS CO",0,0,1,0,33,2102,OH,MIAMISBURG,45342
2022,"HEARTLAND EMPLOYMENT SERVICES LLC",0,0,3,0,62,3270,OH,TOLEDO,43604
2022,"HEARTLAND EMPLOYMENT SERVICES LLC",1,0,2,0,62,7671,OH,TOLEDO,43604
2022,"HEARTLAND EMPLOYMENT SERVICES LLC D B A PROMEDICA SENIOR CARE",0,0,10,0,62,3270,OH,TOLEDO,43604
2022,"HEIDELBERG UNIV",0,0,1,0,61,8219,OH,TIFFIN,44883
2022,"HEIDELBERG UNIVERSITY",1,0,2,0,61,8219,OH,TIFFIN,44883
2022,"HEXION INC",0,0,1,0,32,1250,OH,COLUMBUS,43215
2022,"HIGHBROW BUSINESS SOLUTIONS LLC",1,0,0,0,54,6911,OH,WORTHINGTON,43085
2022,"HIGHLAND HEALTH PROVIDERS",1,0,0,0,62,5550,OH,HILLSBORO,45133
2022,"HIRSCHVOGEL INCORPORATED",1,0,0,0,33,9333,OH,COLUMBUS,43207
2022,"HIXSON INCORPORATED",0,0,2,0,54,5893,OH,CINCINNATI,45202
2022,"HOCKING TECHNICAL COLLEGE D B A HO",1,0,0,0,61,4924,OH,NELSONVILLE,45764
2022,"HOMESTEAD AMERICA LTD",0,0,1,0,23,4973,OH,COLUMBUS,43215
2022,"HONDA DEVELOPMENT & MFG OF AMERICA",1,0,19,0,33,5242,OH,MARYSVILLE,43040
2022,"HONDA DEVELOPMENT & MFG OF AMERICA LLC",2,0,41,0,33,5242,OH,MARYSVILLE,43040
2022,"HONDA LOGISTICS NORTH AMERICA INC",0,0,1,0,54,4349,OH,"EAST LIBERTY",43319
2022,"HONORA SOLUTIONS LLC",1,0,0,0,54,5100,OH,MASON,45040
2022,"HORIZON EDU SERVICES OF COLUMBUS I",1,0,0,0,61,7839,OH,COLUMBUS,43229
2022,"HORIZON EDUCATIONAL SERVICES INC",1,0,1,0,61,9716,OH,CLEVELAND,44103
2022,"HORIZON EDUCATIONAL SVCS OF",2,0,0,0,61,7839,OH,COLUMBUS,43229
2022,"HORIZON SCIENCE ACADEMY CINCINNATI",3,0,0,0,61,0035,OH,CINCINNATI,45237
2022,"HORIZON SCIENCE ACADEMY CLEVELAND",2,0,2,0,61,1609,OH,CLEVELAND,44103
2022,"HORIZON SCIENCE ACADEMY INC",4,0,0,0,61,1415,OH,COLUMBUS,43229
2022,"HORIZON SCIENCE ACADEMY LORAIN INC",1,0,0,0,61,4311,OH,LORAIN,44052
2022,"HORIZON SCIENCE ACADEMY LORAIN INC",3,0,1,0,61,4311,OH,CLEVELAND,44103
2022,"HORIZON SCIENCE ACADEMY LORAIN INC",1,0,0,0,61,4311,OH,LORAIN,44103
2022,"HORIZON SCIENCE ACADEMY SPRINGFIELD",1,1,0,0,61,4609,OH,TOLEDO,43615
2022,"HORIZON SCIENCE ACADEMY TOLEDO INC",2,1,2,0,61,4037,OH,TOLEDO,43613
2022,"HOWARD HUGHES MEDICAL INSTITUTE HHMI",1,0,0,0,54,5717,OH,BETHESDA,20817
2022,"HSA COLUMBUS ELEMENTARY SCHOOL",1,0,1,0,61,1654,OH,COLUMBUS,43229
2022,"HSA DENISON MIDDLE SCHOOL",2,2,0,0,61,3228,OH,CLEVELAND,44109
2022,"HUFFY CORPORATION & SUBSIDIARIES",0,0,1,0,33,2674,OH,DAYTON,45432
2022,"HUNTINGTON SECURITIES INC",0,0,1,0,52,5753,OH,COLUMBUS,43215
2022,"HUNTINGTON TECHNOLOGY FINANCE INC",0,0,1,0,52,6987,OH,COLUMBUS,43287
2022,"HY TEK MATERIAL HANDLING LLC",0,0,1,0,81,7283,OH,COLUMBUS,43217
2022,"HYLAND SOFTWARE INC",2,0,15,0,54,9247,OH,WESTLAKE,44145
2022,"HYLANT GROUP INC",0,0,1,0,52,0366,OH,TOLEDO,43604
2022,"HYPERION MATERIALS & TECHNOLOGIES INC",0,0,1,0,54,7074,OH,COLUMBUS,43229
2022,"IBI GROUP ENGINEERING SERVICES USA",0,0,1,0,54,2777,OH,COLUMBUS,43235
2022,"ICON TECH & PROCESS CONSULTING LLC",0,1,0,0,54,3504,OH,CINCINNATI,45242
2022,"IDEATE TECHNOLOGIES LLC",15,0,2,0,54,3956,OH,SOLON,44139
2022,"IET INC",4,0,2,0,54,0818,OH,TOLEDO,43614
2022,"IFLEX INC",1,0,0,0,54,5555,OH,FAIRLAWN,44333
2022,"IFLEX INC",1,0,0,0,54,5555,OH,AKRON,44333
2022,"IMPACT PRODUCTS LLC",1,0,0,0,42,7450,OH,TOLEDO,43617
2022,"INCUBIT LLC",1,0,0,0,54,0765,OH,DELAWARE,43015
2022,"INDIAN SPRINGS ACADEMY OF MUSIC LLC",1,0,0,0,61,7552,OH,CINCINNATI,45241
2022,"INDUS VALLEY CONSULTANTS INC",2,0,22,0,54,6691,OH,MIAMISBURG,45342
2022,"INEOS COMPOSITES",0,0,1,0,32,0926,OH,DUBLIN,43017
2022,"INFINITE TIERS GROUP INC",0,1,1,0,54,6483,OH,CINCINNATI,45241
2022,"INFOTRUST LLC",0,0,1,0,54,3964,OH,CINCINNATI,45242
2022,"INFOVISION21 INC",4,0,1,0,54,6801,OH,DUBLIN,43017
2022,"INNH EMP LLC D/B/A COMMUNICARE FAM",0,0,1,0,62,3772,OH,CINCINNATI,45241
2022,"INNOVATIVE NUMERICS LLC",1,0,0,0,54,1610,OH,MASON,45040
2022,"INNOVATIVE SOFTWARE SERVICES INC",4,0,1,0,54,1708,OH,DUBLIN,43017
2022,"INNOVISION LLC",1,0,0,0,54,6915,OH,DAYTON,45459
2022,"INSIGHT SERVICES INC DBA EUROFINS TESTOIL",1,0,0,0,54,0108,OH,STRONGSVILLE,44149
2022,"INSURANCE ANALYTICS GROUP LLC",0,0,1,0,52,1062,OH,CLEVELAND,44114
2022,"INTEGRATION DEVELOPER NETWORK LLC",12,0,2,0,54,2860,OH,SOLON,44139
2022,"INTEGRATOUCH LLC",1,0,0,0,54,8325,OH,RICHFIELD,44286
2022,"INTELLIX SOFTWARE INC",0,0,1,0,54,6503,OH,COLUMBUS,43235
2022,"INTERNATIONAL MERCHANDISING COMPANY LLC",1,0,0,0,71,8380,OH,CLEVELAND,44114
2022,"INTERNATIONAL TECHNEGROUP INC",0,0,3,0,54,3451,OH,MILFORD,45150
2022,"INTL PRODUCTS SOURCING GRP INC",1,0,1,0,44,2138,OH,HILLIARD,43026
2022,"INVOTEC INC",0,0,1,0,33,1286,OH,MIAMISBURG,45342
2022,"IROCK CRUSHERS LLC",0,0,1,0,33,4274,OH,CLEVELAND,44125
2022,"ITE LLC",0,0,1,0,54,6610,OH,LOVELAND,45140
2022,"ITW FOOD EQUIPMENT GROUP LLC",0,0,1,0,33,8406,OH,TROY,45373
2022,"ITW FOOD EQUIPMENT GROUP LLC",1,0,0,0,33,8406,OH,TROY,45374
2022,"J W HARRIS CO INC",1,0,0,0,33,3399,OH,MASON,45040
2022,"J.W. HARRIS CO INC",2,0,0,0,33,3399,OH,MASON,45040
2022,"JAMES A RHODES STATE COLLEGE",1,0,0,0,61,2588,OH,LIMA,45804
2022,"JEDSON ENGINEERING INC",0,0,1,0,54,5802,OH,CINCINNATI,45202
2022,"JEGS AUTOMOTIVE INC",0,0,1,0,44,8609,OH,DELAWARE,43015
2022,"JEWISH FEDERATION OF CLEVELAND",0,0,1,0,81,4445,OH,BEACHWOOD,44122
2022,"JLP CPAS LLC",1,0,0,0,54,6572,OH,HUDSON,44236
2022,"JO ANN STORES SUPPORT CENTER INC",0,0,11,0,45,5027,OH,HUDSON,44236
2022,JOBSOHIO,0,0,1,0,92,8687,OH,COLUMBUS,43215
2022,"JOHN CARROLL UNIVERSITY",0,0,3,1,61,4681,OH,CLEVELAND,44118
2022,"JONE AND HENRY ENGINEERS LTD",0,0,1,0,54,,OH,TOLEDO,43606
2022,"JSW STEEL USA OHIO INC",0,0,1,0,33,8222,OH,"MINGO JUNCTION",43938
2022,"K9 SYS INC",1,0,3,0,54,3002,OH,COLUMBUS,43220
2022,"KABIL ASSOCIATES",1,0,0,0,54,1720,OH,COLUMBUS,43229
2022,"KABIL ASSOCIATES INC KABIL ASSOCIATES",2,0,0,0,54,1720,OH,COLUMBUS,43229
2022,"KALEIDOSCOPE ANIMATIONS INC",0,0,1,0,54,0905,OH,CINCINNATI,45241
2022,"KASPER HOLDINGS LLC",0,0,1,0,45,4729,OH,"NORTH CANTON",44720
2022,"KASTEN INC",0,0,4,0,54,3365,OH,COLUMBUS,43240
2022,"KEMBA CREDIT UNION",0,0,1,0,52,4125,OH,"WEST CHESTER",45069
2022,"KENT STATE UNIV",2,0,2,0,61,2079,OH,KENT,44242
2022,"KENT STATE UNIVERSITY",16,1,19,0,61,2079,OH,KENT,44242
2022,"KENTEX CORP",1,0,0,0,99,0952,OH,COLUMBUS,43215
2022,"KENYON COLLEGE",7,1,5,0,61,9507,OH,GAMBIER,43022
2022,"KET SOFTWARE SERVICES LLC",6,0,0,0,54,8579,OH,WORTHINGTON,43085
2022,"KET SOFTWARE SERVICES LLC",6,0,1,0,54,8579,OH,COLUMBUS,43085
2022,"KETTERING MEDICAL CENTER",25,1,4,1,62,1866,OH,MIAMISBURG,45342
2022,"KEYBANK NATIONAL ASSOCIATION",3,0,23,0,52,7057,OH,CLEVELAND,44144
2022,"KEYBANK NATIONAL ASSOCIATION",0,0,1,0,52,7057,OH,CLEVELAND,44144
2022,"KEYBANK NATIONAL ASSOCIATION",2,0,3,0,52,7057,OH,BROOKLYN,44144
2022,"KEYFACTOR INC",1,0,1,0,54,7627,OH,INDEPENDENCE,44131
2022,"KEYSOURCE ACQUISITION LLC",1,0,0,0,32,1364,OH,CINCINNATI,45249
2022,"KEYSTONE MANAGEMENT GROUP LLP",0,1,0,0,55,4764,OH,CINCINNATI,45249
2022,"KIDNEY AND HYPERTENSION CONSULTANTS INC",0,0,1,0,62,1578,OH,CANTON,44708
2022,"KILELE HEALTH LLC",1,0,0,0,32,3309,OH,DAYTON,45419
2022,"KINETICO INCORPORATED",1,0,0,0,33,9404,OH,NEWBURY,44065
2022,"KIRCHHOFF AUTOMOTIVE WAVERY INC",0,0,1,0,33,1275,OH,WAVERLY,45690
2022,"KIWI HOSPITALITY CINCINNATI LLC",0,0,1,0,72,4580,OH,CINCINNATI,45241
2022,"KK ASSOCIATES LLC",1,0,0,0,54,2239,OH,DUBLIN,43017
2022,"KLARNA INC",1,0,8,0,52,5994,OH,COLUMBUS,43215
2022,"KONECRANES INC",1,0,1,0,33,5722,OH,SPRINGFIELD,45502
2022,"L BRANDS SERVICE COMPANY LLC",0,0,22,0,44,8997,OH,COLUMBUS,43230
2022,"LAKIREDDY DENTAL LLC",1,0,0,0,62,3043,OH,STRONGSVILLE,44149
2022,"LAMBDANETS INC",1,0,8,1,54,8088,OH,COLUMBUS,43221
2022,"LAMBDANETS SERVICES LLC",5,0,5,0,54,4408,OH,"LEWIS CENTER",43035
2022,"LAMBDANETS SERVICES LLC",0,0,1,0,54,4408,OH,"LEWIS CENTER",43035
2022,"LAMBDANETS SERVICES LLC",1,0,0,1,54,4408,OH,COLUMBUS,43221
2022,"LANE BRYANT BRANDS OPCO LLC",0,0,1,0,44,5055,OH,PATASKALA,43062
2022,"LAW OFFICE OF NAZLY MAMEDOVA LLC",1,0,0,0,54,7172,OH,CINCINNATI,45246
2022,"LEAFFILTER NORTH LLC",1,0,0,0,23,8045,OH,HUDSON,44236
2022,"LEXTANT CORPORATION",1,0,1,0,54,2945,OH,COLUMBUS,43215
2022,"LIBBY PERSZYK KATHMAN INC",0,0,1,0,54,6158,OH,CINCINNATI,45202
2022,"LIFE LINE SCREENING OF AMERICA",0,0,1,0,62,9775,OH,INDEPENDENCE,44131
2022,"LIGHTHOUSE YOUTH SERVICES INC",0,0,1,0,62,6229,OH,CINCINNATI,45206
2022,"LIGHTWELL INC",0,0,1,0,54,6899,OH,DUBLIN,43017
2022,"LIGHTWELL INC AN ELIASSEN GROUP LLC COMPANY",2,0,5,0,54,6899,OH,DUBLIN,43017
2022,"LITHKO CONTRACTING LLC",1,0,3,0,23,4734,OH,"WEST CHESTER",45069
2022,"LOCUS MANAGEMENT LLC",1,0,0,0,32,8952,OH,SOLON,44139
2022,"LOGIC SOFT INC",5,0,4,0,54,4320,OH,DUBLIN,43017
2022,"LONDON COMPUTER SYSTEMS INC",4,0,1,0,54,5519,OH,CINCINNATI,45249
2022,"LORDSTOWN MOTORS CORP",9,0,0,0,33,2250,OH,LORDSTOWN,44481
2022,"LORDSTOWN MOTORS CORP",4,0,12,0,33,2250,OH,WARREN,44481
2022,"LOUIS STOKES CLEVELAND VA MED CTR",2,0,5,0,62,5726,OH,CLEVELAND,44106
2022,"LSI INDUSTRIES INC",0,0,1,0,33,8951,OH,CINCINNATI,45242
2022,"LTA GALACTIC INC",1,0,0,0,54,9123,OH,AKRON,44306
2022,"LUCAS COUNTY",0,0,1,0,22,0806,OH,TOLEDO,43604
2022,"LUMA FINANCIAL TECHNOLOGIES LLC",1,0,3,0,52,7545,OH,CINCINNATI,45202
2022,"LUXOTTICA OF AMERICA INC",0,0,2,0,44,9854,OH,MASON,45040
2022,"LUXOTTICA OF AMERICA INC",8,0,19,0,33,9854,OH,MASON,45040
2022,"LYVE TECH LLC",4,0,2,0,54,2628,OH,MASON,45040
2022,"LYVE TECH LLC",5,0,3,0,54,2628,OH,"WEST CHESTER",45069
2022,"M WORK LLC",0,0,1,0,44,6000,OH,COLUMBUS,43220
2022,"MAC TRAILER ENTERPRISES INC",0,0,1,0,54,0779,OH,ALLIANCE,44601
2022,"MACH MACHINES LLC",1,0,0,0,33,2251,OH,CINCINNATI,45242
2022,"MAGNA SEATING OF AMERICA INC",1,0,0,0,33,8294,OH,LANCASTER,43130
2022,"MAGNUM MANAGEMENT CORPORATION",1,0,0,0,71,5545,OH,SANDUSKY,44870
2022,"MAINSPRING LINDEN ACQUISITION LLC",0,0,2,0,33,2029,OH,"CUYAHOGA FALLS",44223
2022,"MAK TECHNOLOGIES LLC",11,2,1,0,54,7134,OH,SPRINGBORO,45066
2022,"MAKINO INC",1,0,1,0,42,2460,OH,MASON,45040
2022,"MAMSYS CONSULTING SERVICES LTD",2,0,0,0,54,5085,OH,SOLON,44139
2022,"MANCOR OHIO INC",2,0,1,0,33,3049,OH,DAYTON,45404
2022,"MANCOR OHIO INC.",1,0,1,0,33,3049,OH,DAYTON,45404
2022,"MANGEN ASSOCIATES LLC",1,0,0,0,54,3710,OH,CLEVELAND,44114
2022,"MARATHON PETROLEUM COMPANY LP",0,0,7,0,32,7655,OH,FINDLAY,45840
2022,"MARIETTA COLLEGE",1,0,1,0,61,9584,OH,MARIETTA,45750
2022,"MARIETTA HEALTH CARE PHYSICIANS INC",0,0,1,1,62,5125,OH,MARIETTA,45750
2022,"MARIETTA HLTH CARE PHYSICIANS INC",0,0,3,1,62,5125,OH,MARIETTA,45750
2022,"MARIETTA MEMORIAL HOSPITAL",1,0,1,0,62,9509,OH,MARIETTA,45750
2022,"MAROUS BROTHERS CONSTRUCTION INC.",1,0,0,0,23,7243,OH,WILLOUGHBY,44094
2022,"MARVEL TRAVEL LLC",1,0,0,0,56,2781,OH,HILLIARD,43026
2022,"MARY RUTAN HOSPITAL",0,0,1,0,62,7259,OH,BELLEFONTAINE,43311
2022,"MAST TECHNOLOGY SERVICES INC",0,0,2,0,44,6776,OH,COLUMBUS,43230
2022,"MAST TECHNOLOGY SERVICES INC",1,0,40,0,44,6776,OH,REYNOLDSBURG,43068
2022,"MASTER BUILDERS SOLUTIONS ADMIXTURES US LLC",1,0,0,0,32,6108,OH,BEACHWOOD,44122
2022,"MASTER CHEMICAL CORPORATION",0,0,1,0,32,6977,OH,PERRYSBURG,43551
2022,"MATCO TOOLS",0,0,1,0,33,8074,OH,STOW,44224
2022,"MATERIALS RESOURCES LLC",1,0,0,0,54,5298,OH,DAYTON,45440
2022,"MCGRAW HILL LLC",2,0,26,0,61,5860,OH,BLACKLICK,43004
2022,"MCNEIL & NRM INC",0,0,1,0,33,1391,OH,AKRON,44311
2022,"MECHANICAL RUBBER OHIO LLC",1,0,0,0,32,0793,OH,STRONGSVILLE,44149
2022,"MEDICAL MUTUAL OF OHIO",4,0,7,0,52,8820,OH,CLEVELAND,44115
2022,"MEDIQUANT LLC",0,0,2,0,56,4756,OH,BRECKSVILLE,44141
2022,"MEDPACE INC",16,0,14,0,54,3627,OH,CINCINNATI,45227
2022,"MEMORIAL PROFESSIONAL SERVICES",1,0,0,0,62,3993,OH,TOLEDO,43604
2022,"MERCY HEALTH PHYSICIANS CINCINNATI",0,0,4,0,62,7018,OH,CINCINNATI,45242
2022,"MERCY HEALTH PHYSICIANS LIMA LLC",0,0,1,0,62,8491,OH,LIMA,45801
2022,"MERCY HEALTH PHYSICIANS LIMA SPECIALTY CARE LLC",1,0,2,0,62,0392,OH,LIMA,45801
2022,"MERCY HEALTH PHYSICIANS NORTH LLC",1,0,4,0,62,9623,OH,TOLEDO,43608
2022,"MERCY HEALTH PHYSICIANS NORTH SPEC",0,0,3,0,62,7420,OH,TOLEDO,43608
2022,"MERCY HEALTH PHYSICIANS SPRINGFIELD PRIMARY CARE LLC",0,0,1,0,62,2760,OH,SPRINGFIELD,45504
2022,"MERCY HEALTH PHYSICIANS SPRINGFIELD SPECIALTY CARE LLC",1,0,0,0,62,8357,OH,CINCINNATI,45237
2022,"MERCY HEALTH PHYSICIANS YOUNGSTOWN",0,0,2,0,62,0784,OH,"NORTH LIMA",44452
2022,"MERCY HEALTH ST VINCENT MEDICAL CENTER LLC",1,0,0,0,32,8250,OH,TOLEDO,43608
2022,"MERCY HEALTH ST VINCENT MEDICAL CENTER LLC",14,0,11,0,62,8250,OH,TOLEDO,43608
2022,"MERCY HEALTH YOUNGSTOWN LLC DBA ST ELIZABETH BOARDMAN HOSPITAL",1,0,0,0,62,5560,OH,YOUNGSTOWN,44512
2022,"MERCY HLTH PHISICIANS CINCINNATI S",0,0,1,0,62,7018,OH,CINCINNATI,45242
2022,"MERCY HLTH PHYSICIANS CINCINNATI",0,0,3,0,62,7881,OH,CINCINNATI,45242
2022,"MERCY HLTH PHYSICIANS YOUNGSTOWN LLC",0,0,1,0,62,6944,OH,YOUNGSTOWN,44501
2022,"MERCY HLTH ST VINCENT MED CTR LLC",0,0,2,0,62,8250,OH,TOLEDO,43608
2022,"MERIDIANSOFT INC",7,0,14,0,54,5751,OH,"LEWIS CENTER",43035
2022,"MESH INTELLIGENT TECHNOLOGIES INC",1,0,0,0,54,4476,OH,CINCINNATI,45202
2022,"META PLATFORMS INC",0,0,1,0,51,5019,OH,HAMILTON,45025
2022,"METRIX TECHNOLOGIES INC",0,0,1,0,54,5997,OH,MAUMEE,43537
2022,"METTLER TOLEDO LLC",0,0,1,0,33,8688,OH,COLUMBUS,43229
2022,"METTLER TOLEDO LLC",1,0,6,0,33,8688,OH,COLUMBUS,43240
2022,"MFC NETFORM INC",0,0,1,0,33,1716,OH,MAUMEE,43537
2022,"MGF SOURCING US LLC",0,0,1,0,42,2513,OH,COLUMBUS,43219
2022,"MIAMI UNIVERSITY",6,0,7,0,61,2089,OH,OXFORD,45056
2022,"MIAMI VALLEY HOSPITAL",1,0,0,0,62,7504,OH,DAYTON,45402
2022,"MICHAEL JOAILLIER INC",1,0,0,0,44,3972,OH,DAYTON,45429
2022,"MICHELMAN INC",0,0,2,0,32,7168,OH,CINCINNATI,45236
2022,"MICROMAN INC",0,0,2,0,42,9217,OH,DUBLIN,43017
2022,"MICROMAN INC",0,0,2,0,51,9217,OH,DUBLIN,43017
2022,"MID AMERICAN ATHLETIC CONFERENCE INC",1,0,0,0,81,2486,OH,CLEVELAND,44113
2022,"MID OHIO REGIONAL PLANNING COMMISSION",1,0,0,0,92,9675,OH,COLUMBUS,43215
2022,"MIDLAND GUARDIAN CO",1,0,13,0,52,6204,OH,AMELIA,45102
2022,"MIDMARK CORPORATION",1,0,2,0,33,9370,OH,VERSAILLES,45380
2022,"MIDWEST MOTOR SUPPLY CO D B A KIMBALL MIDWEST",1,0,4,0,42,8759,OH,COLUMBUS,43228
2022,"MIDWEST MOTOR SUPPLY CO D/B/A KIMB",1,0,1,0,99,8759,OH,COLUMBUS,43228
2022,"MIDWEST MOTOR SUPPLY CO D/B/A KIMBALL MIDWEST",1,0,2,0,42,8759,OH,COLUMBUS,43228
2022,"MIDWEST TAPE LLC",3,0,2,0,42,9686,OH,HOLLAND,43528
2022,"MILACRON LLC",2,0,1,0,33,2509,OH,BATAVIA,45103
2022,"MILACRON PLASTICS TECHNOLOGIES GROUP LLC",1,0,0,0,33,2823,OH,BATAVIA,45103
2022,"MILLCRAFT PAPER COMPANY",0,0,1,0,56,1595,OH,CLEVELAND,44105
2022,"MINA CHARTER SCHOOL OF LEE COUNTY",0,0,2,0,45,3491,OH,"NORTH CANTON",44720
2022,"MINDSHIRE CONSULTING LLC",1,0,1,0,54,4772,OH,CINCINNATI,45242
2022,"MIXING SYSTEMS INC",0,0,1,0,54,2846,OH,DAYTON,45459
2022,"MKSK INC",0,0,1,0,54,1940,OH,COLUMBUS,43215
2022,"MODESTO LABS LLC",1,0,0,0,54,4243,OH,DUBLIN,43016
2022,"MOEN INCORPORATED",1,0,6,0,33,8230,OH,"NORTH OLMSTED",44070
2022,"MOMENTIVE PERFORMANCE MATERIALS QUARTZ INC",0,0,1,0,99,9929,OH,STRONGSVILLE,44149
2022,"MORGAN ADHESIVES COMPANY LLC DBA MACTAC LLC",0,0,1,0,32,0968,OH,STOW,44224
2022,"MORRISON PRODUCTS INC",0,0,1,0,33,7700,OH,CLEVELAND,44110
2022,"MOUNT ST JOSEPH UNIV",1,0,0,0,61,9567,OH,CINCINNATI,45223
2022,"MRI SOFTWARE LLC",0,0,1,0,54,9609,OH,SOLON,44139
2022,"MRI SOFTWARE LLC",1,0,2,0,51,9609,OH,SOLON,44139
2022,"MUC HOLDINGS LLC",1,0,0,0,54,0873,OH,CINCINNATI,45206
2022,"MULTILINKS SOLUTIONS INC",0,0,1,0,54,9712,OH,MASON,45040
2022,"MURRPLASTIK SYSTEMS INC",1,0,0,0,42,7075,OH,MILFORD,45150
2022,"MUSKINGUM UNIVERSITY",2,0,0,0,61,9515,OH,"NEW CONCORD",43762
2022,"MVHE INC",0,0,7,3,62,5270,OH,DAYTON,45402
2022,"N WASSERSTROM & SONS",0,0,0,1,42,3760,OH,COLUMBUS,43207
2022,"NANDA TECHNOLOGIES LLC",3,0,1,0,54,5220,OH,COLUMBUS,43235
2022,"NARWAL INC",5,1,5,0,54,6359,OH,CINCINNATI,45249
2022,"NATIONAL AUTO CARE",1,0,0,0,52,5893,OH,WESTERVILLE,43082
2022,"NATIONAL INTERSTATE INSURANCE COMP",0,0,1,0,52,7395,OH,RICHFIELD,44286
2022,"NATIONAL MACHINERY LLC",0,0,2,0,33,0206,OH,TIFFIN,44883
2022,"NATIONAL SAFETY APPAREL",0,0,1,0,31,8801,OH,CLEVELAND,44135
2022,"NATIONAL YOUTH ADVOCATE PROGRAM INC",0,0,2,0,62,4302,OH,COLUMBUS,43215
2022,"NATIONS LENDING CORPORATION",1,0,0,0,52,5392,OH,INDEPENDENCE,44131
2022,"NATIONWIDE CHILDRENS HOSPITAL",5,0,10,0,62,9441,OH,COLUMBUS,43205
2022,"NATIONWIDE CHILDRENS HOSPITAL",1,0,0,0,54,9441,OH,COLUMBUS,43205
2022,"NATIONWIDE INSURANCE",1,0,0,0,52,7100,OH,COLUMBUS,73215
2022,"NATIONWIDE INSURANCE",0,0,1,0,52,7710,OH,COLUMBUS,43215
2022,"NATIONWIDE INSURANCE",4,0,57,0,52,7100,OH,COLUMBUS,43215
2022,"NATIONWODE INSURANCE",0,0,1,0,52,,OH,COLUMBUS,43215
2022,"NAVIGATE360 LLC",2,0,3,0,54,2448,OH,RICHFIELD,44286
2022,"NBBJ LLC",2,0,1,0,54,7404,OH,COLUMBUS,43215
2022,"NDC TECHNOLOGIES LNC",0,0,1,0,99,1732,OH,DAYTON,45424
2022,"NEIGHBORHOOD HEALTH ASSOCIATION",0,0,1,0,62,2741,OH,TOLEDO,43604
2022,"NELSON WORLDWIDE LLC",1,0,0,0,54,5599,OH,CINCINNATI,45202
2022,"NESTLE R&D CENTER INC",3,1,0,0,54,8001,OH,MARYSVILLE,43040
2022,"NESTLE R&D CENTER INC.",2,0,0,0,54,8001,OH,MARYSVILLE,43040
2022,"NETJETS SERVICES INC",1,0,8,0,48,7187,OH,COLUMBUS,43219
2022,"NEUCONTROL ENGINEERING LLC",0,0,1,0,54,9083,OH,CINCINNATI,45215
2022,"NEUMERIC TECHNOLOGIES CORPORATION",11,0,19,0,54,3927,OH,"LEWIS CENTER",43035
2022,"NEXA DIGITAL ENGINEERING INC",2,0,0,0,54,3748,OH,DUBLIN,43017
2022,"NEXEN TIRE AMERICA INC",0,0,1,0,42,9244,OH,RICHFIELD,44286
2022,"NEXUS ENGINEERING GROUP LLC",1,0,1,0,54,5388,OH,CLEVELAND,44115
2022,"NICHEFIRE INC.",1,0,0,0,51,3662,OH,CINCINNATI,45212
2022,"NIDEC MINSTER CORPORATION",0,0,1,0,33,6440,OH,MINSTER,45865
2022,"NOBLE ACADEMY CLEVELAND",1,0,2,0,61,1404,OH,EUCLID,44117
2022,"NOBLE ACADEMY COLUMBUS",3,0,1,0,61,0475,OH,COLUMBUS,43220
2022,"NORDSON MEDICAL DESIGN AND DEVELOPMENT INC",1,0,0,0,33,5326,OH,WESTLAKE,44145
2022,"NORLAKE MANUFACTURING COMPANY",1,0,0,0,33,9673,OH,ELYRIA,44035
2022,"NORLAKE MANUFACTURING COMPANY",0,1,0,0,33,9673,OH,"N RIDGEVILLE",44035
2022,"NORTH CENTRAL STATE COLLEGE",1,0,0,0,61,8108,OH,MANSFIELD,44906
2022,"NORTH STAR BLUESCOPE STEEL LLC",1,0,0,0,23,7943,OH,DELTA,43515
2022,"NORTHEAST OHIO REGIONAL SEWER DIST",0,0,1,0,22,8332,OH,CLEVELAND,44115
2022,"NORTHEAST OHIO REGIONAL SEWER DISTRICT",0,0,4,0,22,8332,OH,CLEVELAND,44115
2022,"NORTHEASTERN OH INFECTIOUS DISEASE",1,0,0,0,62,6671,OH,YOUNGSTOWN,44510
2022,"NORTHWEST PEDIATRIC SPECIALISTS LL",0,1,0,0,62,2270,OH,COLUMBUS,43205
2022,"NORTHWEST PEDIATRIC SPECIALISTS LL",1,0,0,0,62,2270,OH,TOLEDO,43608
2022,"NTT DATA BUSINESS SOLUTIONS INC",1,0,16,1,54,4147,OH,CINCINNATI,45242
2022,"NTT DATA BUSINESS SOLUTIONS INC F/",1,0,3,1,54,4147,OH,CINCINNATI,45242
2022,"NUBE9 LLC",2,0,0,0,54,7946,OH,"WEST CHESTER",45069
2022,"NUVASIVE MANUFACTURING LLC",0,0,4,0,33,8671,OH,DAYTON,45449
2022,"O I PACKAGING SOLUTIONS LLC",0,0,2,0,32,8658,OH,PERRYSBURG,43551
2022,"OAKLEY INC",0,0,1,0,44,4947,OH,MASON,45040
2022,"OBERLIN COLLEGE",5,0,1,1,61,4363,OH,OBERLIN,44074
2022,"OCEAN BLUE SOLUTIONS INC",3,0,0,0,54,0276,OH,POWELL,43065
2022,"OCLC INC",1,0,35,0,51,4115,OH,DUBLIN,43017
2022,"OCULII CORP",5,0,0,0,54,2264,OH,BEAVERCREEK,45434
2022,"OCULII CORP",0,0,2,0,54,2264,OH,"BEAVERCRK TWP",45434
2022,"OCULII CORP",1,0,5,0,54,2264,OH,DAYTON,45434
2022,"OECONNECTION LLC",0,0,1,0,54,0101,OH,RICHFIELD,44286
2022,"OHIO AT HOME HEALTH CARE AGENCY LLC",0,0,1,0,62,3588,OH,COLUMBUS,43212
2022,"OHIO AT HOME HEALTH CARE AGENCY LLC",0,0,1,0,62,3588,OH,COLUMBUS,43215
2022,"OHIO CONFERENCE OF SEVENTH DAY ADV",1,0,0,0,81,8074,OH,DAYTON,45419
2022,"OHIO CONFERENCE OF SEVENTH DAY ADVENTISTS",4,0,1,0,81,8074,OH,DAYTON,45419
2022,"OHIO DEPT OF MENTAL HEALTH & ADDIC",0,0,3,0,62,4820,OH,COLUMBUS,43215
2022,"OHIO FABRICATORS COMPANY INC",1,0,0,0,99,6610,OH,COSHOCTON,43812
2022,"OHIO FARMERS INSURANCE COMPANY",1,0,13,0,52,8190,OH,"WESTFIELD CENTER",44251
2022,"OHIO NATIONAL FINANCIAL SERVICES INC",0,0,1,0,52,4097,OH,CINCINNATI,45242
2022,"OHIO NORTHERN UNIVERSITY",2,0,2,0,61,9091,OH,ADA,45810
2022,"OHIO PEPTIDE LLC",1,0,0,0,54,7874,OH,POWELL,43065
2022,"OHIO PHYSICIANS PRO CORP",0,0,1,0,62,9897,OH,CANTON,44701
2022,"OHIO PHYSICIANS PRO CORP",0,0,1,0,62,9897,OH,CANTON,44710
2022,"OHIO PUBLIC EMPLOYEES RETIREMENT SYSTEM",1,0,0,0,52,1653,OH,COLUMBUS,43215
2022,"OHIO WESLEYAN UNIV",1,0,2,0,61,9585,OH,DELAWARE,43015
2022,"OHIOHEALTH CORP",0,0,3,0,62,4942,OH,COLUMBUS,43202
2022,"OHIOHEALTH PHYSICIAN GROUP INC",3,0,10,0,62,1965,OH,COLUMBUS,43202
2022,"OKL ENGINEERING INC",0,0,1,0,33,8989,OH,CINCINNATI,45240
2022,"OLIVE AI INC",7,0,9,0,51,5633,OH,COLUMBUS,43215
2022,"OLIVE AL INC",2,0,4,0,51,5633,OH,COLUMBUS,43215
2022,"OLON RICERCA BIOSCIENCE LLC",1,0,0,0,54,3049,OH,CONCORD,44077
2022,"OMI MANAGEMENT U S LIMITED PARTNER",1,0,2,1,52,8794,OH,MARION,43302
2022,"OMNICRON TECHNOLOGIES LLC",4,0,0,0,54,4085,OH,COLUMBUS,43221
2022,"OMNOVA SOLUTIONS INC",0,0,1,0,32,7652,OH,BEACHWOOD,44122
2022,"OMYA INC",0,0,4,0,32,4580,OH,CINCINNATI,45242
2022,"ON DEMAND CARE CORP PKA 911 CARE LLC DBA ONDECARE",1,0,0,0,81,1790,OH,"CHAGRIN FALLS",44022
2022,"ONE SKY FLIGHT LLC",1,0,0,0,48,9140,OH,"RICHMOND HEIGHTS",44143
2022,"ONKAR VETERINARY PRACTICE LLC D B",0,0,1,0,54,5480,OH,TOLEDO,43613
2022,"OPEXR INC",1,0,0,0,54,1381,OH,"LEWIS CENTER",43035
2022,"OPTIMUM TECHNOLOGY INC",0,1,2,0,54,1081,OH,POWELL,43065
2022,"ORBIT SYSTEMS INC",0,0,1,0,54,9003,OH,"LEWIS CENTER",43035
2022,"ORBIT SYSTEMS INC",3,0,1,0,54,9003,OH,COLUMBUS,43235
2022,"ORIX REAL ESTATE CAPITAL HOLDINGS LLC",0,0,1,0,52,5699,OH,COLUMBUS,43215
2022,"OSBORN ENGINEERING",2,0,1,0,54,5030,OH,CLEVELAND,44114
2022,"OSTEONOVUS INC",1,0,0,0,99,7001,OH,TOLEDO,43606
2022,"OTTERBEIN UNIV",0,0,1,0,61,9532,OH,WESTERVILLE,43081
2022,"OUTREACH PROFESSIONAL SERVICES",0,0,1,0,62,4990,OH,CLEVELAND,44115
2022,"OWENS BROCKWAY GLASS CONTAINER",1,0,0,0,32,4144,OH,PERRYSBURG,43551
2022,"OWENS CORNING CORPORATE SERVICES L",0,0,5,0,33,6403,OH,TOLEDO,43659
2022,"OWENS CORNING INSULATING SYSTEMS LLC",1,0,0,0,33,5228,OH,TOLEDO,43659
2022,"OWENS CORNING SALES LLC",0,0,2,0,33,9734,OH,TOLEDO,43659
2022,"OWENS CORNING SCIENCE AND TECHNOLOGY LLC",1,0,1,0,33,9347,OH,TOLEDO,43659
2022,"OWENS ILLINOIS GENERAL INC",0,0,1,0,32,1933,OH,PERRYSBURG,43551
2022,"OWENS ILLINOIS INC DBA O I GLASS INC",0,0,2,0,32,1933,OH,PERRYSBURG,43551
2022,"OWENS-ILLINOIS INC",0,0,3,0,32,1933,OH,PERRYSBURG,43551
2022,"PACASO INC",0,0,3,0,53,6896,OH,CINCINNATI,45202
2022,"PACIFIC MANUFACTURING OHIO",1,0,0,0,33,5295,OH,HAMILTON,45011
2022,"PARK OHIO PRODUCTS INC",1,0,0,0,32,9215,OH,CLEVELAND,44124
2022,"PARK PLACE TECHNOLOGIES LLC",0,0,1,0,81,5040,OH,CLEVELAND,44124
2022,"PARKER HANNIFIN CORPORATION",2,0,20,0,33,1060,OH,CLEVELAND,44124
2022,"PARMS & COMPANY LLC",1,0,0,0,54,8473,OH,COLUMBUS,43215
2022,"PARTNERS PHYSICIAN GROUP",0,0,0,1,62,4403,OH,AKRON,44307
2022,"PARTNERS PHYSICIAN GROUP",0,0,5,1,62,3403,OH,AKRON,44307
2022,"PASCO INC",0,0,1,0,54,2041,OH,HUDSON,44236
2022,"PATH ROBOTICS INC",1,0,0,0,99,5454,OH,COLUMBUS,43215
2022,"PATH ROBOTICS INC",6,0,4,1,54,5454,OH,COLUMBUS,43215
2022,"PAYCOR INC",1,0,21,0,54,9990,OH,CINCINNATI,45212
2022,"PEASE ENTERPRISES INC DBA PEASEDOO",0,0,1,0,45,8549,OH,CINCINNATI,45243
2022,"PEDIATRIC ACADEMIC ASSOCIATION INC",1,0,2,0,61,4403,OH,COLUMBUS,43205
2022,"PEDIATRIC PATHOLOGY ASSO OF COLUMB",1,0,0,0,62,5013,OH,COLUMBUS,43205
2022,"PEGASUS TECHNICAL SERVICES INC",1,0,0,0,54,3274,OH,CINCINNATI,45219
2022,"PFFA ACQUISITION LLC",0,0,1,0,51,6296,OH,CINCINNATI,45202
2022,"PHARMACY DATA MANAGEMENT INC",0,0,1,0,51,5943,OH,YOUNGSTOWN,44514
2022,"PHILIPS MEDICAL SYSTEMS CLEVELAND",1,0,5,0,33,5806,OH,CLEVELAND,44143
2022,"PHILIPS MEDICAL SYSTEMS CLEVELAND",0,0,2,0,33,5806,OH,BEACHWOOD,44122
2022,"PI INNOVO LLC",1,0,2,0,33,3756,OH,MAUMEE,43537
2022,"PIECO INC DBA SUPERIOR TRIM",0,0,1,0,33,8479,OH,FINDLAY,45840
2022,"PILKINGTON NORTH AMERICA INC",0,0,1,0,32,6654,OH,ROSSFORD,43460
2022,"PIPE LINE DEVELOPMENT COMPANY",1,0,0,0,33,5493,OH,STRONGSVILLE,44149
2022,"PLASKOLITE LLC",0,0,2,0,32,6110,OH,COLUMBUS,43215
2022,"PMBA ARCHITECTS LLC",1,0,0,0,54,2438,OH,PERRYSBURG,43551
2022,"PMC SMART SOLUTIONS LLC",0,0,1,0,32,7430,OH,CINCINNATI,45242
2022,"POD LLC DBA POD DESIGN LLC",0,0,1,0,54,4199,OH,COLUMBUS,43235
2022,"POLYLUX LLC",2,0,0,0,54,2201,OH,AKRON,44311
2022,"POWER OF DESIGN GROUP LLC",1,0,0,0,54,0327,OH,AKRON,44312
2022,"POWERSONIC INDUSTRIES LLC",1,0,0,0,33,1235,OH,CINCINNATI,45246
2022,"PREDICTRONICS CORP",1,0,0,0,54,3281,OH,CINCINNATI,45242
2022,"PREMIER HEALTH PARTNERS",1,0,0,0,62,6699,OH,DAYTON,45402
2022,"PREMIER INVESTMENT CASTING GR LLC",1,0,0,0,33,1889,OH,MORAINE,45439
2022,"PREMIER RENAL CARE ASSOCIATES LLC",0,0,1,0,62,5493,OH,"CUYAHOGA FALLS",44221
2022,"PREMIUM BRANDS SERVICES LLC",0,0,13,0,44,5713,OH,PATASKALA,43062
2022,"PRESSCO TECHNOLOGY INC",0,0,1,0,33,1150,OH,SOLON,44139
2022,"PRICE FOR PROFIT LLC",3,0,1,0,54,4115,OH,BEACHWOOD,44122
2022,"PRIME AE GROUP INC",0,0,1,0,54,6656,OH,COLUMBUS,43240
2022,"PRIME CORPORATION SERVICES INC",1,0,0,0,56,3838,OH,COLUMBUS,43240
2022,"PRIME HEALTH INC",0,0,1,0,62,8204,OH,PAINESVILLE,44077
2022,"PRIME HEALTHCARE FOUNDATION DBA COSHOCTON REGIONAL MEDICAL CENTER",0,0,1,0,62,6896,OH,COSHOCTON,43812
2022,"PRIOR MEDIA LLC",6,0,0,0,44,8249,OH,COLUMBUS,43220
2022,"PROCESSCHAMP LLC",0,0,1,0,54,0244,OH,COLUMBUS,43229
2022,"PROFORMEX INC",1,0,0,0,51,4630,OH,CLEVELAND,44114
2022,"PROGRESSIVE CASUALITY INSURANCE COMPANY",0,0,1,0,52,3736,OH,MAYFIELD,44143
2022,"PROGRESSIVE CASUALTY INSURANCE COM",0,0,1,0,52,3736,OH,"MAYFIELD VLG",44143
2022,"PROGRESSIVE CASUALTY INSURANCE COM",0,0,29,0,52,3736,OH,CLEVELAND,44143
2022,"PROGRESSIVE CASUALTY INSURANCE COM",0,0,2,0,52,3736,OH,"MAYFIELD VILLAGE",44143
2022,"PROGRESSIVE CASUALTY INSURANCE COMPANY",1,0,3,0,52,3736,OH,"MAYFIELD VILLAGE",44143
2022,"PROGRESSIVE CASUALTY INSURANCE COMPANY",0,0,1,0,52,3736,OH,"MAYFIELD VLG",44143
2022,"PROGRESSIVE CASUALTY INSURANCE COMPANY",1,0,53,0,52,3736,OH,CLEVELAND,44143
2022,"PROJECTS UNLIMITED INC",1,0,0,0,33,6948,OH,DAYTON,45414
2022,"PROMEDICA CENTRAL PHYSICIANS",0,0,5,0,62,1137,OH,TOLEDO,43604
2022,"PROVIDENCE CONSULTING GROUP LTD",0,0,1,0,54,9845,OH,MAINEVILLE,40539
2022,"PULMONARY MEDICINE OF DAYTON INC",0,0,1,0,62,7126,OH,MIAMISBURG,45342
2022,"PULSE LTD LLC",0,0,1,0,54,0518,OH,CHESTERLAND,44026
2022,"QUADAX INC",0,0,5,0,51,7026,OH,CLEVELAND,44130
2022,"QUADAX INC",2,0,0,0,51,7026,OH,"MIDDLEBRG HTS",44130
2022,"R & L CARRIERS SHARED SERVICES LLC",0,0,6,0,48,1193,OH,WILMINGTON,45177
2022,"R G BARRY CORPORATION",0,0,1,0,31,2899,OH,PICKERINGTON,43147
2022,"RACAR ENGINEERING LLC DBA TOOGANN",7,0,8,0,54,1449,OH,DUBLIN,43017
2022,"RACAR INTERNATIONAL DE LLC",0,0,2,0,54,5561,OH,DUBLIN,43017
2022,"RACEDOG LTD",22,0,4,0,54,9227,OH,COLUMBUS,43235
2022,"RANPAK CORP",1,0,0,0,42,3319,OH,"CONCORD TOWNSHIIP",44077
2022,"RANPAK CORP",2,0,0,0,42,3319,OH,"CONCORD TOWNSHIP",44077
2022,"RANPAK CORP",1,0,1,0,42,3319,OH,PAINESVILLE,44077
2022,"RB SIGMA LLC",1,0,0,0,42,3082,OH,MENTOR,44060
2022,"RB&W MANUFACTURING LLC",0,0,1,0,33,4448,OH,STREETSBORO,44241
2022,"RBI SOLAR INC",0,0,1,0,42,9990,OH,CINCINNATI,45237
2022,"RBI SOLAR INC DBA TERRASMART",1,0,1,0,42,9990,OH,CINCINNATI,45237
2022,"RDL ARCHITECTS INC",1,0,0,0,54,8604,OH,"SHAKER HTS",44120
2022,"REAL ALLOY RECYCLING LLC",0,0,1,0,33,4934,OH,BEACHWOOD,44122
2022,"REALFLEX APPLICATIONS LLC",0,0,2,0,54,0325,OH,AKRON,44321
2022,"REALOGICWORKS LLC",1,0,1,0,54,1928,OH,"ROCKY RIVER",44116
2022,"REALPHA  TECH CORP",1,0,0,0,52,5498,OH,DUBLIN,43017
2022,"REES AND COMPANY INCORPORATED",1,0,0,0,62,1412,OH,MAUMEE,43537
2022,"REMEDY THERAPY SERVICES OF MINNESO",0,0,3,0,62,7250,OH,CLEVELAND,44130
2022,"RENEE SYSTEMS INC",0,0,1,0,54,5499,OH,BRECKSVILLE,44114
2022,"RENEE SYSTEMS INC",15,1,7,0,54,5499,OH,BRECKSVILLE,44141
2022,"RENEE SYSTEMS INC",1,0,17,0,54,5499,OH,CLEVELAND,44114
2022,"REPUBLIC STEEL",8,0,1,0,33,5783,OH,CANTON,44704
2022,"RESEARCH INST NWIDE CHILDRENS HOSP",13,0,12,0,54,6230,OH,COLUMBUS,43205
2022,"RESOURCE INTERNATIONAL INC",0,0,3,0,54,9793,OH,COLUMBUS,43231
2022,"RESTORATION PARTS UNLIMITED INC",1,0,0,0,55,6598,OH,LEBANON,45036
2022,"REVEL IT INC",0,0,9,0,54,8007,OH,DUBLIN,43017
2022,"RICHARD L BOWEN & ASSOCIATES INC",0,0,1,0,51,6989,OH,CLEVELAND,44113
2022,"RIVER CITIES MANAGEMENT INC D/B/A RIVER CITIES CAPITAL FUNDS",0,0,1,0,52,0604,OH,CINCINNATI,45202
2022,"RIVER VALLEY PHYSICIANS LLC",0,0,1,0,62,6815,OH,"EAST LIVERPOOL",43920
2022,"ROBOTS AND PENCILS LP",1,0,0,0,54,7492,OH,CLEVELAND,44114
2022,"ROCKING HORSE CHILDREN S HEALTH CENTER",0,0,1,0,62,3544,OH,SPRINGFIELD,45505
2022,"RRI WEST MANAGEMENT LLC",0,0,1,0,72,9201,OH,"NEW ALBANY",43054
2022,"RUMPKE OF OHIO INC",0,0,1,0,54,7611,OH,CINCINNATI,45251
2022,"RUMPKE OF OHIO INC",1,0,0,0,51,7611,OH,CINCINNATI,45251
2022,"S&V INDUSTRIES INC",1,0,0,0,54,8069,OH,AKRON,44333
2022,"S&V INDUSTRIES INC",0,0,1,0,54,8069,OH,MEDINA,44256
2022,"SAAS GLOBAL SOLUTIONS LLC",1,0,0,0,54,7263,OH,DUBLIN,43017
2022,"SAAS IT SERVICES",11,0,0,0,54,5842,OH,DUBLIN,43017
2022,"SAFEGUARD PROPERTIES LLC",0,0,1,0,52,1590,OH,CLEVELAND,44125
2022,"SAFELITE GROUP INC",1,0,3,0,81,5961,OH,COLUMBUS,43235
2022,"SAFRAN POWER USA LLC",0,0,2,0,33,6922,OH,TWINSBURG,44087
2022,"SAINT GOBAIN PERFORMANCE PLASTICS",1,0,6,0,32,7155,OH,SOLON,44139
2022,"SAINT GOBAIN PERFORMANCE PLASTICS CORPORATION",3,0,11,0,32,7155,OH,SOLON,44139
2022,"SAINT JOHN'S JESUIT HIGH SCH OF TO",1,0,0,0,61,6076,OH,TOLEDO,43615
2022,"SAMARITAN BEHAVIORAL HEALTH INC",1,0,0,0,62,3634,OH,DAYTON,45417
2022,"SANDVICK ARCHITECTS INC",0,0,1,0,54,2585,OH,CLEVELAND,44113
2022,"SANTEC RESOURCES INC",1,0,0,0,54,4640,OH,MASON,45040
2022,"SARA S GARDEN",0,0,1,0,61,0116,OH,WAUSEON,43567
2022,"SATELYTICS INC",1,0,0,0,54,0803,OH,PERRYSBURG,43551
2022,"SCH EMPLOYEES RETIREMENT SYS OF OH",1,0,0,0,52,1777,OH,COLUMBUS,43215
2022,"SCHORR ARCHITECTS INC",0,0,1,0,54,9713,OH,DUBLIN,43017
2022,"SEAM GROUP LLC",1,0,0,0,54,2707,OH,BEACHWOOD,44122
2022,"SEAMAN CORPORATION",0,0,1,0,31,6380,OH,WOOSTER,44691
2022,"SEDGWICK TECHNOLOGY SOLUTIONS LTD",1,0,0,0,52,6465,OH,DUBLIN,43016
2022,"SENTRILOCK LLC",0,0,3,0,42,0121,OH,"WEST CHESTER",45069
2022,"SEQUOIA FINANCIAL GROUP",1,0,0,0,52,3858,OH,AKRON,44333
2022,"SERVO PRODUCTS COMPANY",1,0,0,0,33,2777,OH,EASTLAKE,44095
2022,"SETCO SALES COMPANY",1,0,0,0,33,3281,OH,CINCINNATI,45233
2022,"SEVEN HILLS TECHNOLOGY LLC",1,0,0,0,54,3607,OH,CINCINNATI,45241
2022,"SGI MATRIX LLC",1,0,0,0,54,6225,OH,MIAMISBURG,45342
2022,"SHARK ANALYTICS LLC",8,1,0,0,54,3205,OH,DUBLIN,43017
2022,"SHAWNEE STATE UNIVERSITY",0,0,1,0,61,4917,OH,PORTSMOUTH,45662
2022,"SHEARERS FOODS INC",0,0,1,0,31,9359,OH,MASSILLON,44646
2022,"SHEARERS FOODS LLC",1,0,1,0,31,9359,OH,MASSILLON,44646
2022,"SHELTERHOUSE VOLUNTEER GROUP INC",1,0,0,0,62,0479,OH,CINCINNATI,45203
2022,"SIGNATURE IT WORLD INC",8,0,3,0,54,6086,OH,"LEWIS CENTER",43035
2022,"SIGNATURE IT WORLD INC",1,0,0,0,54,6086,OH,DELAWARE,43015
2022,"SILFEX INC A DIVISION OF LAM RESEARCH CORPORATION",1,0,0,0,33,9765,OH,EATON,45320
2022,"SIXDOF TESTING AND ANALYSIS INC",1,0,0,0,54,0097,OH,MILFORD,45150
2022,"SLAC PRECISION EQUIPMENT CORP",0,0,1,0,42,3491,OH,DAYTON,45404
2022,"SLK AMERICA INC",22,0,82,0,54,7939,OH,CINCINNATI,45202
2022,"SMART DATA SYSTEMS LLC",0,0,1,0,54,9768,OH,MIAMISBURG,45342
2022,"SOLIDSTATE CONTROLS LLC DBA AMETEK SOLIDSTATE CONTROLS",0,0,1,0,33,8695,OH,COLUMBUS,43085
2022,"SOLSTICE SLEEP PRODUCTS INC",1,0,0,0,33,0413,OH,COLUMBUS,43228
2022,"SORIN BOERIU DDS PERIODONTICS OF TOLEDO INC",1,0,0,0,62,8082,OH,TOLEDO,43623
2022,"SOUTHWEST GENERAL HEALTH CENTER",0,0,1,0,62,3531,OH,CLEVELAND,44130
2022,"SPARKZIT LLC",5,0,0,0,54,2506,OH,COLUMBUS,43235
2022,"SPECIALTY PHYSICIANS OF BLANCHARD",1,0,0,0,99,8601,OH,FINDLAY,45840
2022,"SPECIALTY TECHNOLOGY AND RESEARCH INC",0,0,1,0,32,8027,OH,COLUMBUS,43228
2022,"SPECTRAL ENERGIES LLC",1,0,0,0,54,0873,OH,DAYTON,45430
2022,"SPIROFLOW AUTOMATION SOLUTIONS INC",0,0,1,0,54,4122,OH,"NORTH OLMSTED",44070
2022,"SQUIRE PATTON BOGGS US LLP",1,0,4,0,54,8199,OH,CLEVELAND,44114
2022,"SSOE INC D/B/A SSOE GROUP",1,0,4,0,54,5421,OH,TOLEDO,43604
2022,"ST HENRY CONSOLIDATED LOCAL SCH DI",0,0,1,0,61,1207,OH,"SAINT HENRY",45883
2022,"ST VINCENT CHARITY MEDICAL CENTER",4,0,3,0,62,4756,OH,CLEVELAND,44115
2022,"STAFFMARK INVESTMENT LLC",6,0,2,1,56,2216,OH,CINCINNATI,45202
2022,"STAID LOGIC LLC",3,0,10,0,54,7607,OH,COLUMBUS,43085
2022,"STAID LOGIC LLC",3,0,0,0,54,7607,OH,WORTHINGTON,43085
2022,"STANDEX ELECTRONICS INC",0,0,1,0,33,6303,OH,FAIRFIELD,45014
2022,"STANLEY ELECTRIC US CO INC",0,0,1,1,33,2063,OH,LONDON,43140
2022,"STAR TECHNOLOGY SOLUTIONS INC",4,0,2,0,54,8793,OH,"LEWIS CENTER",43035
2022,"STAR TECHNOLOGY SOLUTIONS INC",3,0,0,0,54,8793,OH,COLUMBUS,43235
2022,"STARTECH.COM USA LLP",0,0,1,0,44,8475,OH,GROVEPORT,43125
2022,"STATE AUTO PROPERTY & CASUALTY INS",0,0,20,0,52,0814,OH,COLUMBUS,43215
2022,"STATE AUTO PROPERTY & CASUALTY INSURANCE COMPANY",1,0,34,0,52,0814,OH,COLUMBUS,43215
2022,"STATKING CONSULTING INC",0,0,1,0,54,4483,OH,FAIRFIELD,45014
2022,"STEED HAMMOND PAUL INC DBA SHP",1,0,0,0,54,7825,OH,CINCINNATI,45202
2022,"STEEL VALLEY HOSPITALIST INC",1,0,0,0,62,2400,OH,STEUBENVILLE,43952
2022,"STEEL WAREHOUSE COMPANY LLC",0,0,1,0,33,9796,OH,EUCLID,44117
2022,"STEEPGRAPH CORPORATION",4,2,0,0,54,3923,OH,DUBLIN,43017
2022,"STERIS CORPORATION",3,0,20,0,33,2024,OH,MENTOR,44060
2022,"STERLING JEWELERS INC",0,0,2,0,44,4503,OH,FAIRLAWN,44333
2022,"STERLING JEWELERS INC",0,0,10,0,44,4503,OH,AKRON,44333
2022,"STRATEGIC DATA SYSTEMS INC",0,0,1,0,54,9927,OH,CINCINNATI,45246
2022,"STRATEGIC PLANNING SERVICES INC",0,0,1,0,54,6721,OH,CINCINNATI,45242
2022,"STRATEGIC SYSTEMS INC",97,0,18,1,54,5642,OH,DUBLIN,43017
2022,"STREAMLINK SOFTWARE DBA AMPLIFUND",1,0,2,0,51,4897,OH,CLEVELAND,44115
2022,"SUDHI INFOMATICS INC",1,0,9,0,54,6668,OH,"LEWIS CENTER",43035
2022,"SUMMA MANAGEMENT SERVICES ORGANIZATION INC",0,0,1,0,54,5832,OH,AKRON,44305
2022,"SUMMA PHYSICIANS INC",1,0,0,0,62,0929,OH,AKRON,44310
2022,"SUMMA PHYSICIANS, INC. D/B/A SUMMA HEALTH MEDICAL GROUP",1,0,0,0,62,0929,OH,AKRON,44310
2022,"SUMMA PHYSICIANS, INC. D/B/A SUMMA HEALTH MEDICAL GROUP",1,0,0,0,62,0929,OH,AKRON,44309
2022,"SUMMIT BEND US CORPORATION",0,0,1,0,51,5372,OH,COLUMBUS,43215
2022,"SUMMIT ENVIRONMENTAL TECHNOLOGIES",1,0,0,0,56,3575,OH,"CUYAHOGA FALLS",44223
2022,"SUNSONG NORTH AMERICA INC",1,0,1,0,42,5502,OH,MORAINE,45439
2022,"SUPER DEAL AUTO GROUP LLC",2,0,0,0,44,5426,OH,COLUMBUS,43202
2022,"SUPERIOR DAIRY INC",1,0,0,0,31,4691,OH,CANTON,44706
2022,"SUTTON BANK",0,0,1,0,52,9660,OH,ATTICA,44807
2022,"SVATS INC",6,0,1,0,54,3357,OH,POWELL,43065
2022,"SVATS INC",10,0,15,0,54,3357,OH,"LEWIS CENTER",43035
2022,"SWEEPING CORPORATION OF AMERICA LLC",0,0,2,0,56,8993,OH,INDEPENDENCE,44131
2022,"SWIFT TECHNOLOGIES INC",2,0,0,0,54,9122,OH,DAYTON,45458
2022,"SWIFT TECHNOLOGIES INC",1,0,0,0,54,9122,OH,CENTERVILLE,45458
2022,"SYNAPSE TECH SERVICES INC",8,0,7,1,54,0198,OH,COLUMBUS,43219
2022,"T CETRA LLC",0,0,1,0,54,8814,OH,DUBLIN,43017
2022,"TA OPERATING LLC",0,0,4,0,44,7077,OH,WESTLAKE,44145
2022,"TAAZAA LLC",0,0,1,0,54,4592,OH,HUDSON,44236
2022,"TAJ IMPORTS INC.",1,0,0,0,44,2481,OH,BEDFORD,44146
2022,"TALIS CLINICAL LLC",0,0,2,0,54,5066,OH,STREETSBORO,44241
2022,"TARKETT USA INC",1,0,3,0,32,5575,OH,SOLON,44139
2022,"TARRIER FOODS CORP",0,0,1,0,42,8250,OH,COLUMBUS,43228
2022,"TEAM ONE BEC LLC DBA TEAMONE GLASS",1,0,0,0,23,0661,OH,WINDHAM,44288
2022,"TEAM WENDY",0,0,1,0,32,7545,OH,CLEVELAND,44110
2022,"TECHNO CUBES INC",0,0,1,0,54,4238,OH,"LEWIS CENTER",43035
2022,"TECHNOCRAFT SOLUTIONS LLC",1,0,5,0,54,3262,OH,HILLIARD,43026
2022,"TECHNOLOGY GROUP INTERNATIONAL",0,0,1,0,54,0161,OH,TOLEDO,43617
2022,"TECHNOSAI GLOBAL SOLUTIONS LLC",4,0,0,0,54,0434,OH,DELAWARE,43015
2022,"TEK ASSOCIATES LLC",6,0,0,0,54,9867,OH,DUBLIN,43017
2022,"TELLIGEN TECH INC",3,0,22,0,54,9246,OH,COLUMBUS,43219
2022,"TENSURE CONSULTING LLC",0,0,1,0,54,1971,OH,CINCINNATI,45241
2022,"TERRASMART INC",3,0,1,0,42,9990,OH,CINCINNATI,45237
2022,"TESTAMERICA LABORATORIES INC",0,0,1,0,54,9996,OH,BARBERTON,44203
2022,"THABET AND HADDADEEN LLC D/B/A ANGEL DENTAL CARE",1,0,0,0,62,2155,OH,CLEVELAND,44127
2022,"THE ALBERT M HIGLEY CO LLC",1,0,0,0,23,7807,OH,CLEVELAND,44115
2022,"THE AMERICAN CHEMICAL SOCIETY",0,0,4,0,54,6572,OH,COLUMBUS,43202
2022,"THE ANDERSONS INC",1,0,4,0,49,2374,OH,MAUMEE,43537
2022,"THE DAVEY TREE EXPERT COMPANY",1,0,1,0,54,6110,OH,KENT,44240
2022,"THE DAVID J JOSEPH COMPANY",0,0,2,0,42,5330,OH,CINCINNATI,45202
2022,"THE DAYTON POWER AND LIGHT COMPAN",1,0,0,0,22,8470,OH,DAYTON,45432
2022,"THE E W SCRIPPS COMPANY",0,0,1,0,51,3339,OH,CINCINNATI,45202
2022,"THE EQUITY ENGINEERING GROUP INC",1,0,0,0,54,0354,OH,"SHAKER HTS",44122
2022,"THE FEDELI GROUP LLC",0,0,1,0,52,0398,OH,INDEPENDENCE,44131
2022,"THE GLOBAL ACCOUNTING SOLUTIONS",1,0,0,0,54,0472,OH,WORTHINGTON,43085
2022,"THE GLOBALACCOUNTING SOLUTIONS INC",1,0,0,0,54,0472,OH,WORTHINGTON,43085
2022,"THE GLOBALACCOUNTING SOLUTIONS INC",0,0,2,0,54,0472,OH,COLUMBUS,43085
2022,"THE GOOD SAMARITAN HOSPITAL OF CINCINNATI OHIO",2,0,0,0,62,7486,OH,CINCINNATI,45220
2022,"THE GOODYEAR TIRE & RUBBER COMPANY",6,0,18,0,32,3240,OH,AKRON,44316
2022,"THE GOODYER TIRE & RUBBER COMPANY",0,0,2,0,32,3240,OH,AKRON,44316
2022,"THE HUNTINGTON NATIONAL BANK",1,0,0,0,52,5310,OH,COLUMBUS,43287
2022,"THE HUNTINGTON NATIONAL BANK",0,0,7,0,52,6785,OH,COLUMBUS,43215
2022,"THE HUNTINGTON NATIONAL BANK",6,0,68,0,52,6785,OH,COLUMBUS,43287
2022,"THE J M SMUCKER CO",0,0,6,0,31,8550,OH,ORRVILLE,44667
2022,"THE JM SMUCKER CO",0,0,4,0,31,8550,OH,ORRVILLE,44667
2022,"THE KIDNEY AND HYPERTENSION CENTER INC",0,0,1,0,62,3745,OH,CINCINNATI,45219
2022,"THE KROGER CO",0,0,54,0,44,5740,OH,CINCINNATI,45242
2022,"THE KROGER CO",0,0,1,0,44,7762,OH,CINCINNATI,45242
2022,"THE KROGER CO",0,0,3,0,44,5740,OH,"BLUE ASH",45242
2022,"THE LINCOLN ELECTRIC COMPANY",1,0,0,0,33,9955,OH,CLEVELAND,44117
2022,"THE LINCOLN ELECTRIC COMPANY",0,0,2,0,33,9955,OH,EUCLID,44117
2022,"THE LUBRIZOL CORPORATION",0,0,5,0,32,7600,OH,WICKLIFFE,44092
2022,"THE MANNIK & SMITH GROUP INC",1,0,1,0,54,6380,OH,MAUMEE,43537
2022,"THE MARITIME ACADEMY OF TOLEDO INC",1,0,0,0,61,8861,OH,TOLEDO,43604
2022,"THE METROHEALTH SYSTEM",18,0,21,1,62,4382,OH,CLEVELAND,44109
2022,"THE MK MORSE COMPANY",1,0,0,0,33,5148,OH,CANTON,44707
2022,"THE NOCO COMPANY",1,0,0,0,33,4391,OH,GLENWILLOW,44139
2022,"THE NULEAP LLC",0,0,2,0,54,6508,OH,DUBLIN,43016
2022,"THE OHIO GREENHOUSE COMPANY",0,0,1,0,11,3167,OH,WAPAKONETA,45895
2022,"THE OHIO STATE UNIVERSITY",76,0,81,2,61,5986,OH,COLUMBUS,43210
2022,"THE OHIO UNIVERSITY",14,0,17,3,61,2113,OH,ATHENS,45701
2022,"THE PORT",1,0,0,0,92,2368,OH,CINCINNATI,45202
2022,"THE PROCTER & GAMBLE COMPANY",5,0,0,0,33,1980,OH,CINCINNATI,45201
2022,"THE PROCTER & GAMBLE COMPANY",2,0,1,1,33,1980,OH,CINCINNATI,45202
2022,"THE PROCTER & GAMBLE U S BUSINESS",1,0,0,0,33,8600,OH,CINCINNATI,45201
2022,"THE PROCTER & GAMBLE U S BUSINESS SERVICES COMPANY",2,0,0,0,33,8600,OH,CINCINNATI,45201
2022,"THE PROCTER & GAMBLE U S BUSINESS SERVICES COMPANY",2,0,5,0,33,8600,OH,CINCINNATI,45202
2022,"THE PROCTER & GAMBLE US BUSINESS SERVICES CO",0,0,1,0,33,8325,OH,CINCINNATI,45202
2022,"THE ROMAN CATHOLIC DIOCESE OF COLUMBUS",1,0,0,0,81,9603,OH,COLUMBUS,43215
2022,"THE SCOTTS COMPANY LLC",0,0,1,0,32,4921,OH,MARYSVILLE,43040
2022,"THE SCOTTS COMPANY LLC",1,0,10,0,32,4921,OH,MARYSVILLE,43041
2022,"THE SHERWIN WILLIAMS COMPANY",0,0,1,0,32,6650,OH,CLEVELAND,44115
2022,"THE SHERWIN WILLIAMS COMPANY",2,0,65,1,32,6850,OH,CLEVELAND,44115
2022,"THE TIMKEN COMPANY",1,0,3,0,33,7130,OH,"NORTH CANTON",44720
2022,"THE UNIVERSITY OF AKRON",9,0,9,0,61,2924,OH,AKRON,44325
2022,"THE UNIVERSITY OF CINCINNATI FOUNDATION",1,0,0,0,61,6555,OH,CINCINNATI,45221
2022,"THE WASSERSTROM COMPANY",0,0,1,0,42,0911,OH,COLUMBUS,43213
2022,"THE WENDY S COMPANY",0,0,1,0,99,5108,OH,DUBLIN,43017
2022,"THIRD FEDERAL SAVINGS & LOAN",0,0,1,0,52,3493,OH,CLEVELAND,44105
2022,"THIRD ST COMMUNITY CLINIC INC DBA THIRD ST FAMILY HEALTH SERVICES",1,0,0,0,62,3919,OH,MANSFIELD,44906
2022,"THK MANUFACTURING OF AMERICA",1,0,0,0,33,3179,OH,HEBRON,43025
2022,"THORDRIVE INC",5,0,2,0,54,4044,OH,CINCINNATI,45202
2022,"TIFFIN UNIVERSITY",2,0,1,0,61,7516,OH,TIFFIN,44883
2022,"TNEDICCA INC",0,0,1,0,54,2177,OH,POWELL,43065
2022,"TOLEDO CLINIC INC",0,0,1,0,62,6207,OH,TOLEDO,43623
2022,"TOLEDO RADIOLOGICAL ASSOCIATES INC",1,0,0,0,62,9988,OH,TOLEDO,43615
2022,"TOP CHOICE AUTO GROUP INC",1,0,0,0,44,2368,OH,YOUNGSTOWN,44512
2022,"TOTAL QUALITY LOGISTICS LLC",1,0,1,0,48,2109,OH,CINCINNATI,45245
2022,"TRANS ASH INC",1,0,0,0,23,3128,OH,CINCINNATI,45215
2022,"TRANSITION STUDIOS LLC",1,0,0,0,51,7241,OH,CLEVELAND,44115
2022,"TRANSPORTATION RESEARCH CENTER INC",1,0,1,0,54,8202,OH,"EAST LIBERTY",43319
2022,"TRAQ GLOBAL LTD",1,0,0,0,33,3211,OH,WESTLAKE,44145
2022,"TRAVIS COUNTY EMERGENCY PHYSICIANS PA",0,0,2,0,62,1542,OH,CANTON,44718
2022,"TREW LLC",0,0,1,0,54,2676,OH,FAIRFIELD,45014
2022,"TRI TECH LABORATORIES LLC",0,0,1,0,32,3768,OH,"NEW ALBANY",43054
2022,"TRIBCO INC",0,0,1,0,33,2793,OH,CLEVELAND,44128
2022,"TRIHEALTH G LLC",1,0,0,0,62,5158,OH,CINCINNATI,45202
2022,"TRIHEALTH INC",3,0,10,1,62,8846,OH,CINCINNATI,45202
2022,"TRINITY WEST",0,0,2,0,62,5691,OH,STEUBENVILLE,43952
2022,"TROJAN TECHNOLOGIES CORP",0,0,1,0,81,5494,OH,BEACHWOOD,44122
2022,"TRUECHOICEPACK CORP",2,0,0,0,42,6013,OH,"WEST CHESTER",45069
2022,"TS TECH AMERICAS INC",0,0,5,0,33,7701,OH,REYNOLDSBURG,43068
2022,"TWB COMPANY LLC",1,0,0,0,33,4639,OH,COLUMBUS,43085
2022,"TWO LABS HOLDINGS LLC",0,0,1,0,56,,OH,POWELL,43065
2022,"UC HEALTH LLC",0,0,1,0,62,5820,OH,CINCINNATI,45229
2022,"UH REGIONAL HOSPITALS",0,0,1,0,62,4226,OH,CLEVELAND,44143
2022,"ULMER & BERNE LLP",1,0,0,0,54,6436,OH,CLEVELAND,44113
2022,"UNICON INTERNATIONAL INC",0,0,1,0,54,6860,OH,COLUMBUS,43213
2022,"UNIQ IT SOLUTIONS INC",6,0,1,0,54,4551,OH,DELAWARE,43015
2022,"UNIQ IT SOLUTIONS INC",2,0,1,0,54,4551,OH,"LEWIS CENTER",43035
2022,"UNITED SOFTWARE GROUP INC",15,0,15,0,54,7828,OH,DUBLIN,43017
2022,"UNITED SOFTWARE GROUP INC",0,0,1,0,54,7228,OH,DUBLIN,43017
2022,"UNIV HOSPITALS CLEVELAND MED CTR",3,0,7,0,62,7805,OH,CLEVELAND,44106
2022,"UNIV OF CINCINNATI",7,0,8,0,61,0989,OH,CINCINNATI,45221
2022,"UNIV OF CINCINNATI MEDICAL",0,0,1,0,62,9038,OH,CINCINNATI,45219
2022,"UNIV OF DAYTON",8,0,6,0,61,6715,OH,DAYTON,45469
2022,"UNIV OF TOLEDO PHYSICIANS LLC",0,0,1,0,62,7097,OH,TOLEDO,43615
2022,"UNIVERSITY HOSPITALS CLEVELAND MEDICAL CENTER",13,0,13,1,62,7805,OH,CLEVELAND,44106
2022,"UNIVERSITY HOSPITALS HEALTH SYSTEM INC",1,0,0,0,62,4775,OH,CLEVELAND,44106
2022,"UNIVERSITY HOSPITALS MEDICAL GROUP",5,0,3,1,62,1619,OH,CLEVELAND,44106
2022,"UNIVERSITY HOSPITALS MEDICAL GROUP",0,0,1,0,62,1619,OH,INDEPENDENCE,44131
2022,"UNIVERSITY HOSPITALS MEDICAL GROUP INC",13,0,10,1,62,1619,OH,CLEVELAND,44106
2022,"UNIVERSITY HOSPITALS MEDICAL GROUP INC",0,0,1,0,62,1619,OH,INDEPENDENCE,44131
2022,"UNIVERSITY OF CINCINNATI",31,0,36,1,61,0989,OH,CINCINNATI,45221
2022,"UNIVERSITY OF CINCINNATI MEDICAL CENTER LLC",0,0,5,0,62,9038,OH,CINCINNATI,45219
2022,"UNIVERSITY OF CINCINNATI PHYSICIAN",2,0,7,0,62,6809,OH,CINCINNATI,45219
2022,"UNIVERSITY OF CINCINNATI PHYSICIANS INC",6,0,7,0,62,6809,OH,CINCINNATI,45219
2022,"UNIVERSITY OF FINDLAY",0,1,2,0,61,1169,OH,FINDLAY,45840
2022,"UNIVERSITY OF MOUNT UNION",1,0,1,0,61,4687,OH,ALLIANCE,44601
2022,"UNIVERSITY OF RIO GRANDE",3,1,0,0,61,9537,OH,"RIO GRANDE",45674
2022,"UNIVERSITY OF TOLEDO",15,0,27,2,61,1483,OH,TOLEDO,43606
2022,"UNIVERSITY PRIMARY CARE PRACTICES",1,0,3,1,62,8928,OH,CLEVELAND,44106
2022,"UPLANCER AGENCY LLC",0,0,1,0,54,2803,OH,COLUMBUS,43221
2022,"USACS MEDICAL GROUP LTD",0,0,1,0,62,9937,OH,CANTON,44718
2022,"USACS MEDICAL GROUP LTD",29,0,18,0,54,9937,OH,CANTON,44718
2022,"VANTAGE AGORA INC DBA EOX VANTAGE",0,0,1,0,54,2130,OH,BEACHWOOD,44122
2022,"VARGO INC",1,0,0,0,49,0819,OH,HILLIARD,43026
2022,"VAYU INC",2,0,0,0,54,7523,OH,STREETSBORO,44241
2022,"VEEAM SOFTWARE CORPORATION",0,0,1,0,54,0135,OH,COLUMBUS,43240
2022,"VEENUS INFOTECHS CORPORATION",1,0,0,0,54,2751,OH,AKRON,44321
2022,"VEENUS INFOTECHS CORPORATION",2,0,0,0,54,2751,OH,COPLEY,44321
2022,"VEHTEK SYSTEMS INC",0,0,1,0,33,2575,OH,"BOWLING GREEN",43402
2022,"VELA INVESTMENT MANAGEMENT LLC",1,0,0,0,52,8213,OH,"NEW ALBANY",43054
2022,"VELOCITY A MANAGED SERVICES COMPAN",0,0,1,0,51,7651,OH,HOLLAND,43528
2022,"VELOSIO LLC",0,0,1,0,54,6350,OH,DUBLIN,43017
2022,"VENTECH SOLUTIONS INC",0,0,2,0,54,5031,OH,COLUMBUS,43240
2022,"VEOLIA WATER TECHNOLOGIES INC",0,0,1,0,22,4257,OH,VANDALIA,45377
2022,"VERITAS AUTOMATA LLC",0,0,2,1,54,8896,OH,MASON,45040
2022,"VERTEX COMPUTER SYSTEMS INC",2,0,4,0,54,3633,OH,BEACHWOOD,44122
2022,"VERTIV CORPORATION",1,0,0,0,33,5256,OH,COLUMBUS,43085
2022,"VETERANS ADMINISTRATION MEDICAL CE",0,0,2,0,62,2398,OH,CINCINNATI,45220
2022,"VETRO TECHNOLOGIES INC",2,0,0,0,54,8012,OH,COLUMBUS,43235
2022,"VICTORIA S SECRET STORES BRAND MAN",0,0,3,0,44,0861,OH,COLUMBUS,43230
2022,"VICTORIA S SECRET STORES BRAND MAN",0,0,2,0,44,0861,OH,REYNOLDSBURG,43068
2022,"VICTORIA'S SECRET DIRECT BRAND MANAHEMENT LLC",1,0,1,0,44,0873,OH,REYNOLDSBURG,43068
2022,"VICTORIAS SECRET SERVICE COMPANY LLC",0,0,1,0,44,8823,OH,REYNOLDSBURG,43068
2022,"VIDEO PRODUCTS INC",0,0,1,0,33,8654,OH,AURORA,44202
2022,"VIEWRAY INC",0,0,2,0,33,8429,OH,BEDFORD,44146
2022,"VILLERS ENTERPRISES LTD DBA SIMXPE",0,0,1,0,33,3116,OH,"CANAL FULTON",44614
2022,"VITAMIX MANAGEMENT CORPORATION",0,0,3,0,33,8623,OH,"OLMSTED FALLS",44138
2022,"VIZION TECHNOLOGIES LLC",13,0,4,1,54,5689,OH,DUBLIN,43017
2022,"VNDLY INC",1,0,2,0,51,7636,OH,MASON,45040
2022,"VORYS SATER SEYMOUR AND PEASE LLP",1,0,0,0,54,3125,OH,COLUMBUS,43216
2022,"VTECHINFO INC",23,1,0,0,54,3525,OH,MASON,45040
2022,"VTECHINFO INC",6,0,0,0,54,4352,OH,MASON,45040
2022,"WALTER P MOORE AND ASSOCIATES INC",0,0,1,0,54,4339,OH,AUSTINBURG,44010
2022,"WEB YOGA INC",0,0,7,0,54,4185,OH,DAYTON,45458
2022,"WEBSTER INDUSTRIES INC",1,0,0,0,33,9179,OH,TIFFIN,44883
2022,"WELLCARE PHYSICIANS GROUP",0,0,1,0,62,8443,OH,MAUMEE,43537
2022,"WELLTOWER INC",1,0,0,0,53,6634,OH,TOLEDO,43615
2022,"WELSPUN USA INC",1,0,0,0,42,1272,OH,"GROVE CITY",43123
2022,"WENDYS INTERNATIONAL LLC",0,0,3,0,72,5108,OH,DUBLIN,43017
2022,"WESTERN RESERVE HEALTH EDUCATION INC",6,0,3,0,61,9508,OH,WARREN,44483
2022,"WESTERN RESERVE MUTUAL CASUALTY COMPANY",0,0,1,0,52,3930,OH,WOOSTER,44691
2022,"WHITECOX & LYONS SPORTS MANAGEMENT",1,0,0,0,71,8944,OH,TALLMADGE,44278
2022,"WINNCOM TECHNOLOGIES CORP",0,0,1,0,51,3418,OH,SOLON,44139
2022,"WINSUPPLY INC",2,0,5,0,42,6478,OH,DAYTON,45439
2022,"WISE CONSTRUCTION CO INC",0,1,0,0,23,7868,OH,DAYTON,45417
2022,"WODA COOPER COMPANIES INC",0,0,1,0,53,0251,OH,COLUMBUS,43215
2022,"WOODMORE LOCAL SCHOOLS",0,0,2,0,61,6616,OH,ELMORE,43416
2022,"WORKHORSE TECHNOLOGIES INC",0,0,2,0,33,9895,OH,LOVELAND,45140
2022,"WORLD ENERGY INNOVATIONS LLC",0,0,1,0,33,9338,OH,FREMONT,43420
2022,"WORTHINGTON CYLINDER CORP",0,0,1,0,54,0364,OH,COLUMBUS,43085
2022,"WORTHINGTON INDUSTRIES INC",0,0,2,0,54,9815,OH,COLUMBUS,43085
2022,"WORTHINGTON INDUSTRIES INC",1,0,0,0,33,9815,OH,WORTHINGTON,43085
2022,"WORTHINGTON INDUSTRIES INC",0,0,6,0,33,9815,OH,COLUMBUS,43085
2022,"WRIGHT STATE UNIVERSITY",3,0,2,1,61,2831,OH,DAYTON,45435
2022,"XAVIER UNIVERSITY",0,0,3,0,61,7516,OH,CINCINNATI,45207
2022,"XELLIA PHARMACEUTICALS USA LLC",1,0,1,0,32,0410,OH,BEDFORD,44146
2022,"XERION ADVANCED BATTERY CORP",2,0,1,0,54,2246,OH,DAYTON,45420
2022,"XERION ADVANCED BATTERY CORP",1,0,0,0,54,2246,OH,KETTERING,45420
2022,"XOMOX PFT CORP",0,0,1,0,54,8621,OH,CINCINNATI,45242
2022,"XOMOX PFT CORP",0,0,4,0,33,8621,OH,CINCINNATI,45242
2022,"XPAND IT SOLUTIONS INC",15,1,0,0,54,9489,OH,CLEVELAND,44114
2022,"XPEDANTIC LLC",2,0,0,0,54,3945,OH,HILLIARD,43026
2022,"XPO INTERMODEL SERVICES LLC",0,0,1,0,54,2627,OH,DUBLIN,43017
2022,"YASH CLOUD SERVICES INC",2,0,0,0,54,2515,OH,DUBLIN,43017
2022,"YASHCO SYSTEMS INC",0,1,12,0,54,5073,OH,HILLIARD,43026
2022,"YENKIN MAJESTIC PAINT CORPORATION",0,0,1,0,32,5915,OH,COLUMBUS,43219
2022,"YOUNGSTOWN STATE UNIVERSITY",4,0,1,0,61,1998,OH,YOUNGSTOWN,44555
2022,"ZALE DELAWARE INC",2,0,6,0,44,0834,OH,AKRON,44333
2022,"ZIKS FAMILY PHARMACY",1,0,0,0,44,2629,OH,DAYTON,45402
2022,"ZMM ENTERPRISES LLC",1,0,0,0,72,9270,OH,REYNOLDSBURG,43068
